代码,简称,时间,开盘价(元),收盘价(元),最高价(元),最低价(元),涨跌(元),涨跌幅(%),前收盘价(元)
300895.SZ,铜牛信息,2020-09-24,71.0,69.09,76.0,69.07,56.44,446.166,12.65
300895.SZ,铜牛信息,2020-09-25,67.0,59.5,69.74,59.5,-9.59,-13.8804,69.09
300895.SZ,铜牛信息,2020-09-28,57.99,58.6,62.7,57.02,-0.9,-1.5126,59.5
300895.SZ,铜牛信息,2020-09-29,59.45,55.02,59.46,54.88,-3.58,-6.1092,58.6
300895.SZ,铜牛信息,2020-09-30,54.8,52.4,56.46,52.32,-2.62,-4.7619,55.02
300895.SZ,铜牛信息,2020-10-09,53.6,54.55,55.72,52.89,2.15,4.1031,52.4
300895.SZ,铜牛信息,2020-10-12,54.18,58.38,59.47,54.0,3.83,7.0211,54.55
300895.SZ,铜牛信息,2020-10-13,57.43,56.68,57.5,55.8,-1.7,-2.912,58.38
300895.SZ,铜牛信息,2020-10-14,56.45,59.2,61.77,56.45,2.52,4.446,56.68
300895.SZ,铜牛信息,2020-10-15,58.52,60.6,64.45,57.05,1.4,2.3649,59.2
300895.SZ,铜牛信息,2020-10-16,58.95,59.14,62.44,58.0,-1.46,-2.4092,60.6
300895.SZ,铜牛信息,2020-10-19,62.4,61.43,70.0,60.89,2.29,3.8722,59.14
300895.SZ,铜牛信息,2020-10-20,59.8,73.72,73.72,59.18,12.29,20.0065,61.43
300895.SZ,铜牛信息,2020-10-21,70.06,73.69,74.68,67.76,-0.03,-0.0407,73.72
300895.SZ,铜牛信息,2020-10-22,70.5,65.75,71.6,65.58,-7.94,-10.7749,73.69
300895.SZ,铜牛信息,2020-10-23,65.44,78.9,78.9,65.44,13.15,20.0,65.75
300895.SZ,铜牛信息,2020-10-26,79.98,77.51,79.98,73.8,-1.39,-1.7617,78.9
300895.SZ,铜牛信息,2020-10-27,75.0,72.35,75.7,70.83,-5.16,-6.6572,77.51
300895.SZ,铜牛信息,2020-10-28,72.51,73.4,76.4,71.02,1.05,1.4513,72.35
300895.SZ,铜牛信息,2020-10-29,69.0,68.18,71.3,67.6,-5.22,-7.1117,73.4
300895.SZ,铜牛信息,2020-10-30,67.5,64.88,69.35,64.88,-3.3,-4.8401,68.18
300895.SZ,铜牛信息,2020-11-02,65.0,65.86,67.63,64.3,0.98,1.5105,64.88
300895.SZ,铜牛信息,2020-11-03,66.35,67.95,70.3,65.4,2.09,3.1734,65.86
300895.SZ,铜牛信息,2020-11-04,67.8,65.1,68.89,64.81,-2.85,-4.1943,67.95
300895.SZ,铜牛信息,2020-11-05,66.0,68.49,69.19,65.71,3.39,5.2074,65.1
300895.SZ,铜牛信息,2020-11-06,68.0,64.52,69.36,64.0,-3.97,-5.7965,68.49
300895.SZ,铜牛信息,2020-11-09,64.71,66.32,67.0,64.71,1.8,2.7898,64.52
300895.SZ,铜牛信息,2020-11-10,65.98,63.23,65.99,62.9,-3.09,-4.6592,66.32
300895.SZ,铜牛信息,2020-11-11,62.7,63.21,64.5,62.23,-0.02,-0.0316,63.23
300895.SZ,铜牛信息,2020-11-12,63.33,60.2,63.65,59.89,-3.01,-4.7619,63.21
300895.SZ,铜牛信息,2020-11-13,60.06,60.83,61.49,60.06,0.63,1.0465,60.2
300895.SZ,铜牛信息,2020-11-16,60.7,62.3,62.89,60.11,1.47,2.4166,60.83
300895.SZ,铜牛信息,2020-11-17,61.89,63.33,63.8,61.22,1.03,1.6533,62.3
300895.SZ,铜牛信息,2020-11-18,62.4,61.45,62.96,60.71,-1.88,-2.9686,63.33
300895.SZ,铜牛信息,2020-11-19,61.0,62.06,62.4,59.41,0.61,0.9927,61.45
300895.SZ,铜牛信息,2020-11-20,62.0,60.03,62.0,59.78,-2.03,-3.271,62.06
300895.SZ,铜牛信息,2020-11-23,59.48,60.18,60.27,57.9,0.15,0.2499,60.03
300895.SZ,铜牛信息,2020-11-24,59.51,59.88,61.5,59.5,-0.3,-0.4985,60.18
300895.SZ,铜牛信息,2020-11-25,59.82,61.87,62.68,59.0,1.99,3.3233,59.88
300895.SZ,铜牛信息,2020-11-26,61.36,60.51,61.76,60.36,-1.36,-2.1982,61.87
300895.SZ,铜牛信息,2020-11-27,60.38,58.2,60.97,57.92,-2.31,-3.8176,60.51
300895.SZ,铜牛信息,2020-11-30,58.06,58.57,59.28,57.0,0.37,0.6357,58.2
300895.SZ,铜牛信息,2020-12-01,58.5,59.1,60.2,57.92,0.53,0.9049,58.57
300895.SZ,铜牛信息,2020-12-02,58.91,59.84,60.1,58.1,0.74,1.2521,59.1
300895.SZ,铜牛信息,2020-12-03,59.45,60.39,62.5,58.3,0.55,0.9191,59.84
300895.SZ,铜牛信息,2020-12-04,60.9,63.51,65.5,60.67,3.12,5.1664,60.39
300895.SZ,铜牛信息,2020-12-07,62.51,62.9,64.3,62.05,-0.61,-0.9605,63.51
300895.SZ,铜牛信息,2020-12-08,62.22,59.79,63.31,59.68,-3.11,-4.9444,62.9
300895.SZ,铜牛信息,2020-12-09,59.66,57.47,59.66,57.13,-2.32,-3.8802,59.79
300895.SZ,铜牛信息,2020-12-10,56.83,56.25,58.01,56.0,-1.22,-2.1228,57.47
300895.SZ,铜牛信息,2020-12-11,56.1,57.1,58.0,56.02,0.85,1.5111,56.25
300895.SZ,铜牛信息,2020-12-14,56.78,56.66,56.8,55.4,-0.44,-0.7706,57.1
300895.SZ,铜牛信息,2020-12-15,56.75,57.4,59.09,56.35,0.74,1.306,56.66
300895.SZ,铜牛信息,2020-12-16,56.8,53.71,57.2,53.66,-3.69,-6.4286,57.4
300895.SZ,铜牛信息,2020-12-17,53.16,54.29,54.65,53.1,0.58,1.0799,53.71
300895.SZ,铜牛信息,2020-12-18,54.0,52.82,54.58,52.53,-1.47,-2.7077,54.29
300895.SZ,铜牛信息,2020-12-21,52.48,53.21,53.48,52.36,0.39,0.7384,52.82
300895.SZ,铜牛信息,2020-12-22,53.23,50.31,53.23,50.01,-2.9,-5.4501,53.21
300895.SZ,铜牛信息,2020-12-23,50.14,48.61,50.78,48.51,-1.7,-3.379,50.31
300895.SZ,铜牛信息,2020-12-24,48.77,49.07,50.85,47.89,0.46,0.9463,48.61
300895.SZ,铜牛信息,2020-12-25,48.85,49.91,51.48,48.85,0.84,1.7118,49.07
300895.SZ,铜牛信息,2020-12-28,49.5,47.08,49.79,46.8,-2.83,-5.6702,49.91
300895.SZ,铜牛信息,2020-12-29,46.91,48.11,49.15,46.2,1.03,2.1878,47.08
300895.SZ,铜牛信息,2020-12-30,47.8,48.43,48.7,47.13,0.32,0.6651,48.11
300895.SZ,铜牛信息,2020-12-31,48.15,49.48,50.33,48.15,1.05,2.1681,48.43
300895.SZ,铜牛信息,2021-01-04,49.89,50.46,51.27,49.11,0.98,1.9806,49.48
300895.SZ,铜牛信息,2021-01-05,50.4,50.89,51.4,49.81,0.43,0.8522,50.46
300895.SZ,铜牛信息,2021-01-06,51.18,48.02,51.22,47.8,-2.87,-5.6396,50.89
300895.SZ,铜牛信息,2021-01-07,47.8,45.83,48.01,45.11,-2.19,-4.5606,48.02
300895.SZ,铜牛信息,2021-01-08,45.4,45.58,46.88,44.51,-0.25,-0.5455,45.83
300895.SZ,铜牛信息,2021-01-11,45.06,43.1,45.83,42.45,-2.48,-5.441,45.58
300895.SZ,铜牛信息,2021-01-12,42.59,42.61,43.84,42.24,-0.49,-1.1369,43.1
300895.SZ,铜牛信息,2021-01-13,42.6,40.2,42.6,39.94,-2.41,-5.6559,42.61
300895.SZ,铜牛信息,2021-01-14,40.38,41.89,42.52,40.21,1.69,4.204,40.2
300895.SZ,铜牛信息,2021-01-15,41.49,45.12,46.86,41.22,3.23,7.7107,41.89
300895.SZ,铜牛信息,2021-01-18,44.6,44.85,45.8,44.06,-0.27,-0.5984,45.12
300895.SZ,铜牛信息,2021-01-19,45.2,47.04,49.5,45.0,2.19,4.8829,44.85
300895.SZ,铜牛信息,2021-01-20,46.47,46.08,46.95,45.31,-0.96,-2.0408,47.04
300895.SZ,铜牛信息,2021-01-21,45.51,45.76,47.41,45.31,-0.32,-0.6944,46.08
300895.SZ,铜牛信息,2021-01-22,45.91,44.87,46.43,44.36,-0.89,-1.9449,45.76
300895.SZ,铜牛信息,2021-01-25,44.53,43.09,44.87,42.73,-1.78,-3.967,44.87
300895.SZ,铜牛信息,2021-01-26,42.94,44.16,45.49,42.55,1.07,2.4832,43.09
300895.SZ,铜牛信息,2021-01-27,43.52,46.81,47.5,43.08,2.65,6.0009,44.16
300895.SZ,铜牛信息,2021-01-28,46.0,44.53,47.75,44.0,-2.28,-4.8708,46.81
300895.SZ,铜牛信息,2021-01-29,44.61,43.61,45.35,42.31,-0.92,-2.066,44.53
300895.SZ,铜牛信息,2021-02-01,43.61,46.81,47.0,43.61,3.2,7.3378,43.61
300895.SZ,铜牛信息,2021-02-02,46.02,46.12,47.52,45.57,-0.69,-1.474,46.81
300895.SZ,铜牛信息,2021-02-03,45.79,43.98,46.35,43.9,-2.14,-4.6401,46.12
300895.SZ,铜牛信息,2021-02-04,43.37,43.95,44.45,41.1,-0.03,-0.0682,43.98
300895.SZ,铜牛信息,2021-02-05,43.79,41.8,45.8,41.44,-2.15,-4.8919,43.95
300895.SZ,铜牛信息,2021-02-08,41.0,39.21,41.78,39.21,-2.59,-6.1962,41.8
300895.SZ,铜牛信息,2021-02-09,39.59,42.05,43.46,39.49,2.84,7.2431,39.21
300895.SZ,铜牛信息,2021-02-10,41.81,42.22,44.36,41.5,0.17,0.4043,42.05
300895.SZ,铜牛信息,2021-02-18,43.46,44.38,45.59,43.1,2.16,5.1161,42.22
300895.SZ,铜牛信息,2021-02-19,44.56,45.44,46.01,44.03,1.06,2.3885,44.38
300895.SZ,铜牛信息,2021-02-22,45.88,45.65,47.88,45.03,0.21,0.4621,45.44
300895.SZ,铜牛信息,2021-02-23,44.52,44.0,45.56,43.5,-1.65,-3.6145,45.65
300895.SZ,铜牛信息,2021-02-24,44.04,46.55,47.5,43.61,2.55,5.7955,44.0
300895.SZ,铜牛信息,2021-02-25,46.01,45.8,46.63,44.41,-0.75,-1.6112,46.55
300895.SZ,铜牛信息,2021-02-26,44.5,47.8,49.66,44.5,2.0,4.3668,45.8
300895.SZ,铜牛信息,2021-03-01,48.96,47.77,48.99,46.99,-0.03,-0.0628,47.8
300895.SZ,铜牛信息,2021-03-02,47.2,47.23,47.76,45.65,-0.54,-1.1304,47.77
300895.SZ,铜牛信息,2021-03-03,47.05,46.93,47.19,45.72,-0.3,-0.6352,47.23
300895.SZ,铜牛信息,2021-03-04,46.5,45.0,46.92,44.89,-1.93,-4.1125,46.93
300895.SZ,铜牛信息,2021-03-05,44.59,44.93,45.6,44.4,-0.07,-0.1556,45.0
300895.SZ,铜牛信息,2021-03-08,45.01,44.0,46.26,43.8,-0.93,-2.0699,44.93
300895.SZ,铜牛信息,2021-03-09,43.87,41.16,44.0,40.73,-2.84,-6.4545,44.0
300895.SZ,铜牛信息,2021-03-10,41.37,41.3,41.93,40.3,0.14,0.3401,41.16
300895.SZ,铜牛信息,2021-03-11,40.98,41.6,42.45,40.8,0.3,0.7264,41.3
300895.SZ,铜牛信息,2021-03-12,42.0,40.3,42.06,40.02,-1.3,-3.125,41.6
300895.SZ,铜牛信息,2021-03-15,40.01,40.05,40.68,39.59,-0.25,-0.6203,40.3
300895.SZ,铜牛信息,2021-03-16,40.06,41.16,41.47,40.06,1.11,2.7715,40.05
300895.SZ,铜牛信息,2021-03-17,41.1,41.95,42.17,40.38,0.79,1.9193,41.16
300895.SZ,铜牛信息,2021-03-18,41.64,41.41,42.24,41.08,-0.54,-1.2872,41.95
300895.SZ,铜牛信息,2021-03-19,41.04,42.19,42.56,40.6,0.78,1.8836,41.41
300895.SZ,铜牛信息,2021-03-22,42.39,42.5,42.8,41.9,0.31,0.7348,42.19
300895.SZ,铜牛信息,2021-03-23,42.11,42.25,43.6,41.35,-0.25,-0.5882,42.5
300895.SZ,铜牛信息,2021-03-24,41.23,42.99,43.4,40.6,0.74,1.7515,42.25
300895.SZ,铜牛信息,2021-03-25,42.46,44.65,44.68,41.79,1.66,3.8614,42.99
300895.SZ,铜牛信息,2021-03-26,44.13,43.95,44.78,43.57,-0.7,-1.5677,44.65
300895.SZ,铜牛信息,2021-03-29,44.0,42.28,44.52,42.26,-1.67,-3.7998,43.95
300895.SZ,铜牛信息,2021-03-30,41.99,41.06,42.27,40.73,-1.22,-2.8855,42.28
300895.SZ,铜牛信息,2021-03-31,41.0,41.26,41.43,40.66,0.2,0.4871,41.06
300895.SZ,铜牛信息,2021-04-01,41.2,40.65,41.2,40.4,-0.61,-1.4784,41.26
300895.SZ,铜牛信息,2021-04-02,40.76,41.51,41.85,40.52,0.86,2.1156,40.65
300895.SZ,铜牛信息,2021-04-06,41.52,42.14,42.27,41.23,0.63,1.5177,41.51
300895.SZ,铜牛信息,2021-04-07,42.03,42.72,42.85,41.65,0.58,1.3764,42.14
300895.SZ,铜牛信息,2021-04-08,42.76,42.15,43.5,42.03,-0.57,-1.3343,42.72
300895.SZ,铜牛信息,2021-04-09,42.15,42.45,43.14,41.94,0.3,0.7117,42.15
300895.SZ,铜牛信息,2021-04-12,42.21,41.0,42.79,40.8,-1.45,-3.4158,42.45
300895.SZ,铜牛信息,2021-04-13,41.02,41.4,41.57,40.8,0.4,0.9756,41.0
300895.SZ,铜牛信息,2021-04-14,41.18,42.02,42.02,40.55,0.62,1.4976,41.4
300895.SZ,铜牛信息,2021-04-15,41.05,39.01,41.09,38.5,-3.01,-7.1633,42.02
300895.SZ,铜牛信息,2021-04-16,39.01,39.59,39.97,38.84,0.58,1.4868,39.01
300895.SZ,铜牛信息,2021-04-19,39.42,40.03,40.46,39.42,0.44,1.1114,39.59
300895.SZ,铜牛信息,2021-04-20,39.99,39.05,40.43,39.02,-0.98,-2.4482,40.03
300895.SZ,铜牛信息,2021-04-21,39.1,38.9,39.5,38.73,-0.15,-0.3841,39.05
300895.SZ,铜牛信息,2021-04-22,39.27,39.42,39.69,38.64,0.52,1.3368,38.9
300895.SZ,铜牛信息,2021-04-23,39.42,38.17,39.42,37.85,-1.25,-3.171,39.42
300895.SZ,铜牛信息,2021-04-26,38.01,37.53,38.2,37.48,-0.64,-1.6767,38.17
300895.SZ,铜牛信息,2021-04-27,37.68,36.15,37.68,35.88,-1.38,-3.6771,37.53
300895.SZ,铜牛信息,2021-04-28,36.0,36.2,36.44,35.59,0.05,0.1383,36.15
300895.SZ,铜牛信息,2021-04-29,36.16,35.6,36.5,35.6,-0.6,-1.6575,36.2
300895.SZ,铜牛信息,2021-04-30,35.6,34.2,35.73,34.13,-1.4,-3.9326,35.6
300895.SZ,铜牛信息,2021-05-06,34.54,34.35,35.05,34.27,0.15,0.4386,34.2
300895.SZ,铜牛信息,2021-05-07,34.56,34.69,34.95,34.4,0.34,0.9898,34.35
300895.SZ,铜牛信息,2021-05-10,34.79,34.2,35.1,33.85,-0.49,-1.4125,34.69
300895.SZ,铜牛信息,2021-05-11,34.0,34.93,35.06,33.5,0.73,2.1345,34.2
300895.SZ,铜牛信息,2021-05-12,34.9,35.81,35.95,34.61,0.88,2.5193,34.93
300895.SZ,铜牛信息,2021-05-13,35.56,35.01,36.06,35.0,-0.8,-2.234,35.81
300895.SZ,铜牛信息,2021-05-14,34.99,35.17,35.49,34.81,0.16,0.457,35.01
300895.SZ,铜牛信息,2021-05-17,35.16,36.71,38.74,34.24,1.54,4.3787,35.17
300895.SZ,铜牛信息,2021-05-18,35.99,37.33,38.15,35.9,0.62,1.6889,36.71
300895.SZ,铜牛信息,2021-05-19,37.02,36.27,37.44,36.27,-1.06,-2.8395,37.33
300895.SZ,铜牛信息,2021-05-20,36.29,35.9,36.76,35.81,-0.37,-1.0201,36.27
300895.SZ,铜牛信息,2021-05-21,36.5,35.86,36.5,35.8,-0.04,-0.1114,35.9
300895.SZ,铜牛信息,2021-05-24,35.9,37.25,37.73,35.5,1.39,3.8762,35.86
300895.SZ,铜牛信息,2021-05-25,36.8,37.15,37.28,36.7,-0.1,-0.2685,37.25
300895.SZ,铜牛信息,2021-05-26,37.3,37.91,39.6,37.14,0.76,2.0458,37.15
300895.SZ,铜牛信息,2021-05-27,37.2848,37.5132,38.4511,37.2728,-0.3968,-1.0466,37.91
300895.SZ,铜牛信息,2021-05-28,37.5733,37.417,37.7056,37.0082,-0.0962,-0.2564,37.5132
300895.SZ,铜牛信息,2021-05-31,37.2728,37.8138,38.0182,37.0924,0.3968,1.0604,37.417
300895.SZ,铜牛信息,2021-06-01,37.8138,38.1986,38.4511,37.5493,0.3848,1.0175,37.8138
300895.SZ,铜牛信息,2021-06-02,38.4751,39.0282,40.6273,38.4751,0.8296,2.1719,38.1986
300895.SZ,铜牛信息,2021-06-03,38.2707,38.1144,39.5091,37.886,-0.9138,-2.3413,39.0282
300895.SZ,铜牛信息,2021-06-04,38.1144,37.2367,38.3068,36.9962,-0.8777,-2.3028,38.1144
300895.SZ,铜牛信息,2021-06-07,37.2728,38.439,38.439,37.2728,1.2023,3.2289,37.2367
300895.SZ,铜牛信息,2021-06-08,38.2346,38.0543,39.0522,37.7537,-0.3848,-1.0009,38.439
300895.SZ,铜牛信息,2021-06-09,38.1384,37.9581,38.6555,37.4291,-0.0962,-0.2528,38.0543
300895.SZ,铜牛信息,2021-06-10,37.6335,40.1584,40.3989,37.6335,2.2003,5.7966,37.9581
300895.SZ,铜牛信息,2021-06-11,40.1103,41.8417,42.539,39.1003,1.6833,4.1916,40.1584
300895.SZ,铜牛信息,2021-06-15,40.7355,40.5191,41.9258,40.2906,-1.3226,-3.1609,41.8417
300895.SZ,铜牛信息,2021-06-16,40.1824,41.5651,42.6833,39.6895,1.046,2.5816,40.5191
300895.SZ,铜牛信息,2021-06-17,40.7596,41.5651,42.3106,40.2906,0.0,0.0,41.5651
300895.SZ,铜牛信息,2021-06-18,41.0121,40.3027,41.5531,40.1343,-1.2625,-3.0373,41.5651
300895.SZ,铜牛信息,2021-06-21,40.2666,40.6033,41.3968,40.2666,0.3006,0.7458,40.3027
300895.SZ,铜牛信息,2021-06-22,40.6393,42.4188,43.1643,39.3167,1.8155,4.4714,40.6033
300895.SZ,铜牛信息,2021-06-23,42.4188,41.9018,42.5631,41.481,-0.517,-1.2188,42.4188
300895.SZ,铜牛信息,2021-06-24,41.5892,42.4428,42.5631,41.0722,0.5411,1.2912,41.9018
300895.SZ,铜牛信息,2021-06-25,42.022,40.8798,43.2845,40.8798,-1.5631,-3.6827,42.4428
300895.SZ,铜牛信息,2021-06-28,40.4229,40.8077,41.2165,39.978,-0.0721,-0.1765,40.8798
300895.SZ,铜牛信息,2021-06-29,40.8077,41.5772,43.1643,40.3267,0.7695,1.8857,40.8077
300895.SZ,铜牛信息,2021-06-30,41.5892,40.8918,41.8417,40.6273,-0.6853,-1.6484,41.5772
300895.SZ,铜牛信息,2021-07-01,40.6994,37.8379,41.0601,37.8138,-3.054,-7.4684,40.8918
300895.SZ,铜牛信息,2021-07-02,37.8499,36.876,38.1986,36.8399,-0.9619,-2.5421,37.8379
300895.SZ,铜牛信息,2021-07-05,36.876,37.4531,37.5974,36.876,0.5771,1.565,36.876
300895.SZ,铜牛信息,2021-07-06,37.2728,37.5252,37.7898,36.9241,0.0721,0.1926,37.4531
300895.SZ,铜牛信息,2021-07-07,37.1285,37.5252,37.8138,36.9121,0.0,0.0,37.5252
300895.SZ,铜牛信息,2021-07-08,37.5373,40.3508,40.8197,37.0203,2.8255,7.5296,37.5252
300895.SZ,铜牛信息,2021-07-09,39.5091,40.5191,42.4428,39.437,0.1683,0.4172,40.3508
300895.SZ,铜牛信息,2021-07-12,41.481,42.3707,43.1763,40.7355,1.8516,4.5697,40.5191
300895.SZ,铜牛信息,2021-07-13,41.9379,41.7936,42.7915,41.2165,-0.5771,-1.3621,42.3707
300895.SZ,铜牛信息,2021-07-14,41.8297,45.4126,49.8974,41.517,3.6191,8.6594,41.7936
300895.SZ,铜牛信息,2021-07-15,44.0059,43.2003,44.9678,42.8156,-2.2123,-4.8716,45.4126
300895.SZ,铜牛信息,2021-07-16,43.6572,41.4569,43.6572,41.4209,-1.7434,-4.0356,43.2003
300895.SZ,铜牛信息,2021-07-19,41.8898,42.5631,42.6593,41.0842,1.1062,2.6682,41.4569
300895.SZ,铜牛信息,2021-07-20,41.7335,40.988,42.0581,40.5191,-1.5751,-3.7006,42.5631
300895.SZ,铜牛信息,2021-07-21,41.481,41.6253,42.5631,41.0121,0.6372,1.5547,40.988
300895.SZ,铜牛信息,2021-07-22,41.6613,41.8297,42.2384,40.6393,0.2044,0.491,41.6253
300895.SZ,铜牛信息,2021-07-23,41.7695,43.2604,44.2223,41.1684,1.4308,3.4205,41.8297
300895.SZ,铜牛信息,2021-07-26,42.3226,42.2144,42.5751,41.2165,-1.046,-2.418,43.2604
300895.SZ,铜牛信息,2021-07-27,41.8176,41.8176,43.7173,41.7214,-0.3968,-0.9399,42.2144
300895.SZ,铜牛信息,2021-07-28,41.2405,37.5493,41.6974,37.4892,-4.2683,-10.207,41.8176
300895.SZ,铜牛信息,2021-07-29,38.1144,38.403,38.8118,37.9821,0.8537,2.2735,37.5493
300895.SZ,铜牛信息,2021-07-30,38.403,39.6294,40.5191,38.1144,1.2264,3.1935,38.403
300895.SZ,铜牛信息,2021-08-02,39.3167,42.4428,42.5511,39.0883,2.8135,7.0995,39.6294
300895.SZ,铜牛信息,2021-08-03,41.986,43.7173,45.569,41.8056,1.2745,3.0028,42.4428
300895.SZ,铜牛信息,2021-08-04,43.9939,44.1983,45.2082,43.2845,0.4809,1.1001,43.7173
300895.SZ,铜牛信息,2021-08-05,44.1261,43.6813,44.7273,43.1522,-0.517,-1.1697,44.1983
300895.SZ,铜牛信息,2021-08-06,44.4027,43.1643,44.4027,42.7314,-0.517,-1.1836,43.6813
300895.SZ,铜牛信息,2021-08-09,43.9458,44.9317,45.569,42.9238,1.7675,4.0947,43.1643
300895.SZ,铜牛信息,2021-08-10,44.4868,44.9678,45.605,44.1382,0.0361,0.0803,44.9317
300895.SZ,铜牛信息,2021-08-11,44.3786,43.6572,45.076,43.4769,-1.3106,-2.9144,44.9678
300895.SZ,铜牛信息,2021-08-12,44.7033,44.3786,46.2302,43.7173,0.7214,1.6524,43.6572
300895.SZ,铜牛信息,2021-08-13,43.4769,42.8637,44.0179,42.5751,-1.515,-3.4137,44.3786
300895.SZ,铜牛信息,2021-08-16,43.8496,42.2384,43.8496,41.8777,-0.6252,-1.4586,42.8637
300895.SZ,铜牛信息,2021-08-17,42.515,41.1804,43.2965,41.0,-1.0581,-2.505,42.2384
300895.SZ,铜牛信息,2021-08-18,40.8558,42.1543,42.2384,40.5191,0.9739,2.365,41.1804
300895.SZ,铜牛信息,2021-08-19,41.7214,40.6994,43.1041,40.6153,-1.4548,-3.4512,42.1543
300895.SZ,铜牛信息,2021-08-20,40.6994,40.0141,40.7596,39.3167,-0.6853,-1.6839,40.6994
300895.SZ,铜牛信息,2021-08-23,40.7956,41.9619,42.01,40.4349,1.9478,4.8678,40.0141
300895.SZ,铜牛信息,2021-08-24,41.6012,41.6012,42.6112,41.481,-0.3607,-0.8596,41.9619
300895.SZ,铜牛信息,2021-08-25,41.481,40.7596,42.2264,40.5431,-0.8416,-2.0231,41.6012
300895.SZ,铜牛信息,2021-08-26,41.2405,39.0883,41.2405,38.9079,-1.6713,-4.1003,40.7596
300895.SZ,铜牛信息,2021-08-27,38.6795,46.9036,46.9036,38.5953,7.8153,19.9938,39.0883
300895.SZ,铜牛信息,2021-08-30,56.2819,56.2819,56.2819,55.6687,9.3783,19.9949,46.9036
300895.SZ,铜牛信息,2021-08-31,60.5622,62.1613,66.7303,60.2496,5.8795,10.4465,56.2819
300895.SZ,铜牛信息,2021-09-01,63.8206,69.171,72.1168,61.2235,7.0097,11.2766,62.1613
300895.SZ,铜牛信息,2021-09-02,64.3496,66.5259,70.3373,61.0432,-2.6452,-3.8241,69.171
300895.SZ,铜牛信息,2021-09-03,67.8124,58.5783,69.1229,58.4461,-7.9475,-11.9465,66.5259
300895.SZ,铜牛信息,2021-09-06,57.6766,57.2918,59.5763,54.1056,-1.2865,-2.1962,58.5783
300895.SZ,铜牛信息,2021-09-07,56.2338,57.2437,58.1575,55.7047,-0.0481,-0.0839,57.2918
300895.SZ,铜牛信息,2021-09-08,56.5103,53.3842,56.871,52.5065,-3.8595,-6.7423,57.2437
300895.SZ,铜牛信息,2021-09-09,53.1918,52.6989,54.0214,51.9654,-0.6853,-1.2838,53.3842
300895.SZ,铜牛信息,2021-09-10,52.6989,51.1719,52.759,50.8232,-1.527,-2.8976,52.6989
300895.SZ,铜牛信息,2021-09-13,51.1839,51.9414,52.2901,50.703,0.7695,1.5038,51.1719
300895.SZ,铜牛信息,2021-09-14,52.0376,54.9352,56.5704,50.6549,2.9938,5.7639,51.9414
300895.SZ,铜牛信息,2021-09-15,53.3722,51.7731,53.3722,51.0997,-3.1622,-5.7562,54.9352
300895.SZ,铜牛信息,2021-09-16,51.6408,48.2382,51.9173,48.0458,-3.5349,-6.8277,51.7731
300895.SZ,铜牛信息,2021-09-17,48.0939,48.9355,49.5006,46.4106,0.6974,1.4457,48.2382
300895.SZ,铜牛信息,2021-09-22,47.6129,46.3505,47.6129,46.122,-2.585,-5.2826,48.9355
300895.SZ,铜牛信息,2021-09-23,46.8915,47.2522,49.1399,46.5068,0.9018,1.9455,46.3505
300895.SZ,铜牛信息,2021-09-24,46.8915,47.2402,48.3343,45.8575,-0.012,-0.0254,47.2522
300895.SZ,铜牛信息,2021-09-27,42.515,42.0821,46.2302,41.3968,-5.1581,-10.9188,47.2402
300895.SZ,铜牛信息,2021-09-28,42.6232,42.2986,43.5971,41.5411,0.2164,0.5143,42.0821
300895.SZ,铜牛信息,2021-09-29,41.7575,40.0021,42.2986,39.6895,-2.2965,-5.4292,42.2986
300895.SZ,铜牛信息,2021-09-30,40.6273,41.2766,41.8417,40.5552,1.2745,3.1861,40.0021
300895.SZ,铜牛信息,2021-10-08,42.515,43.525,43.6211,41.7455,2.2484,5.4471,41.2766
300895.SZ,铜牛信息,2021-10-11,44.1261,42.3827,44.2103,41.9018,-1.1422,-2.6243,43.525
300895.SZ,铜牛信息,2021-10-12,42.3827,41.7695,42.7555,41.2405,-0.6132,-1.4468,42.3827
300895.SZ,铜牛信息,2021-10-13,42.0821,42.1663,42.9238,41.3728,0.3968,0.9499,41.7695
300895.SZ,铜牛信息,2021-10-14,41.9258,42.6472,42.6953,41.3848,0.4809,1.1406,42.1663
300895.SZ,铜牛信息,2021-10-15,42.7074,47.7091,51.1719,42.2024,5.0619,11.8692,42.6472
300895.SZ,铜牛信息,2021-10-18,45.2082,46.8074,47.3965,44.2704,-0.9018,-1.8901,47.7091
300895.SZ,铜牛信息,2021-10-19,46.9276,48.7792,48.7792,45.8816,1.9718,4.2127,46.8074
300895.SZ,铜牛信息,2021-10-20,48.3704,47.0719,48.3704,46.8915,-1.7073,-3.5001,48.7792
300895.SZ,铜牛信息,2021-10-21,45.7373,46.0138,46.7352,45.3044,-1.0581,-2.2478,47.0719
300895.SZ,铜牛信息,2021-10-22,46.0499,44.0179,46.3865,43.8857,-1.9959,-4.3376,46.0138
300895.SZ,铜牛信息,2021-10-25,44.1983,44.3185,44.8475,43.1883,0.3006,0.6829,44.0179
300895.SZ,铜牛信息,2021-10-26,44.8475,46.5789,47.9256,44.5109,2.2604,5.1004,44.3185
300895.SZ,铜牛信息,2021-10-27,45.6892,47.8053,48.9836,45.1481,1.2264,2.6329,46.5789
300895.SZ,铜牛信息,2021-10-28,47.3124,48.2502,49.2361,45.2203,0.4449,0.9306,47.8053
300895.SZ,铜牛信息,2021-10-29,47.7332,49.176,49.8974,46.9396,0.9258,1.9188,48.2502
300895.SZ,铜牛信息,2021-11-01,49.2602,48.0819,49.2602,47.0478,-1.0941,-2.2249,49.176
300895.SZ,铜牛信息,2021-11-02,47.8414,46.0499,49.2481,45.6892,-2.032,-4.2261,48.0819
300895.SZ,铜牛信息,2021-11-03,45.8214,47.2402,47.9135,45.7733,1.1903,2.5849,46.0499
300895.SZ,铜牛信息,2021-11-04,47.0719,48.0097,48.2382,46.5308,0.7695,1.6289,47.2402
300895.SZ,铜牛信息,2021-11-05,48.1299,49.5728,50.6188,47.0358,1.5631,3.2557,48.0097
300895.SZ,铜牛信息,2021-11-08,48.8874,51.9294,52.3021,48.3343,2.3566,4.7538,49.5728
300895.SZ,铜牛信息,2021-11-09,51.5927,51.1959,51.6648,50.0176,-0.7334,-1.4124,51.9294
300895.SZ,铜牛信息,2021-11-10,50.6549,50.9675,52.4344,50.3783,-0.2284,-0.4462,51.1959
300895.SZ,铜牛信息,2021-11-11,50.715,49.8854,50.715,49.4165,-1.0821,-2.1231,50.9675
300895.SZ,铜牛信息,2021-11-12,49.5006,50.186,50.4385,48.7792,0.3006,0.6026,49.8854
300895.SZ,铜牛信息,2021-11-15,50.8593,49.8974,51.4003,49.5367,-0.2886,-0.575,50.186
300895.SZ,铜牛信息,2021-11-16,49.4044,47.7332,50.4986,47.7212,-2.1642,-4.3373,49.8974
300895.SZ,铜牛信息,2021-11-17,47.2763,50.4865,52.3622,47.2763,2.7534,5.7683,47.7332
300895.SZ,铜牛信息,2021-11-18,50.4986,52.8552,54.298,49.0197,2.3686,4.6916,50.4865
300895.SZ,铜牛信息,2021-11-19,51.7009,51.8692,52.6388,51.1839,-0.9859,-1.8653,52.8552
300895.SZ,铜牛信息,2021-11-22,51.8452,52.2901,52.747,50.9074,0.4208,0.8113,51.8692
300895.SZ,铜牛信息,2021-11-23,52.0736,51.0757,52.1217,50.9795,-1.2144,-2.3224,52.2901
300895.SZ,铜牛信息,2021-11-24,51.0156,50.5827,52.0376,50.4986,-0.493,-0.9652,51.0757
300895.SZ,铜牛信息,2021-11-25,50.6068,50.7631,51.6769,50.5587,0.1804,0.3565,50.5827
300895.SZ,铜牛信息,2021-11-26,50.2942,52.4223,52.6508,50.0778,1.6592,3.2686,50.7631
300895.SZ,铜牛信息,2021-11-29,51.1599,51.7009,52.266,50.703,-0.7214,-1.3761,52.4223
300895.SZ,铜牛信息,2021-11-30,52.0616,52.8552,54.9232,51.6528,1.1543,2.2326,51.7009
300895.SZ,铜牛信息,2021-12-01,52.5185,54.8631,54.8992,51.9414,2.0079,3.7989,52.8552
300895.SZ,铜牛信息,2021-12-02,55.1396,51.5566,59.1555,51.3162,-3.3065,-6.0267,54.8631
300895.SZ,铜牛信息,2021-12-03,51.9173,50.21,52.3622,49.9214,-1.3466,-2.6119,51.5566
300895.SZ,铜牛信息,2021-12-06,49.4646,46.7713,49.8253,46.2904,-3.4387,-6.8487,50.21
300895.SZ,铜牛信息,2021-12-07,47.0118,47.4326,47.8173,46.2904,0.6613,1.4139,46.7713
300895.SZ,铜牛信息,2021-12-08,47.3484,48.4786,49.2361,46.5308,1.046,2.2053,47.4326
300895.SZ,铜牛信息,2021-12-09,47.8654,47.3725,48.6951,47.3725,-1.1062,-2.2817,48.4786
300895.SZ,铜牛信息,2021-12-10,47.3725,47.8173,48.5628,47.0118,0.4449,0.9391,47.3725
300895.SZ,铜牛信息,2021-12-13,48.0939,48.5628,48.7311,47.4807,0.7455,1.559,47.8173
300895.SZ,铜牛信息,2021-12-14,48.4546,49.0197,49.0558,48.0939,0.4569,0.9408,48.5628
300895.SZ,铜牛信息,2021-12-15,49.2842,50.8112,51.0997,48.8393,1.7915,3.6546,49.0197
300895.SZ,铜牛信息,2021-12-16,51.244,52.6027,53.1437,50.0176,1.7915,3.5258,50.8112
300895.SZ,铜牛信息,2021-12-17,51.6769,50.1499,54.0214,50.1499,-2.4528,-4.6629,52.6027
300895.SZ,铜牛信息,2021-12-20,49.164,48.0458,49.9335,47.7452,-2.1041,-4.1956,50.1499
300895.SZ,铜牛信息,2021-12-21,48.0338,48.4666,48.671,47.9135,0.4208,0.8759,48.0458
300895.SZ,铜牛信息,2021-12-22,48.8153,51.3162,54.1056,48.2141,2.8496,5.8794,48.4666
300895.SZ,铜牛信息,2021-12-23,50.5106,51.6408,53.2399,50.5106,0.3246,0.6326,51.3162
300895.SZ,铜牛信息,2021-12-24,51.9294,49.669,52.3021,49.669,-1.9718,-3.8184,51.6408
300895.SZ,铜牛信息,2021-12-27,50.4986,48.8033,50.739,48.3343,-0.8657,-1.7429,49.669
300895.SZ,铜牛信息,2021-12-28,48.8514,50.0417,50.8593,48.8514,1.2384,2.5376,48.8033
300895.SZ,铜牛信息,2021-12-29,49.3082,48.7552,49.5367,48.3584,-1.2865,-2.5709,50.0417
300895.SZ,铜牛信息,2021-12-30,48.5508,49.2241,49.8734,48.3945,0.4689,0.9618,48.7552
300895.SZ,铜牛信息,2021-12-31,49.5247,48.9716,50.2461,48.6951,-0.2525,-0.5129,49.2241
300895.SZ,铜牛信息,2022-01-04,48.9355,50.6068,51.0877,48.6951,1.6352,3.3391,48.9716
300895.SZ,铜牛信息,2022-01-05,50.727,51.5085,51.6408,50.0898,0.9018,1.7819,50.6068
300895.SZ,铜牛信息,2022-01-06,50.9314,50.4865,52.1217,50.3783,-1.022,-1.9841,51.5085
300895.SZ,铜牛信息,2022-01-07,50.6188,47.9616,51.6769,47.7692,-2.5249,-5.0012,50.4865
300895.SZ,铜牛信息,2022-01-10,46.5429,46.9516,47.1801,45.088,-1.01,-2.1058,47.9616
300895.SZ,铜牛信息,2022-01-11,46.7593,45.2082,47.4566,44.7874,-1.7434,-3.7132,46.9516
300895.SZ,铜牛信息,2022-01-12,45.4367,45.8575,45.9297,45.2203,0.6493,1.4362,45.2082
300895.SZ,铜牛信息,2022-01-13,46.7833,45.7974,47.4446,45.7974,-0.0601,-0.1311,45.8575
300895.SZ,铜牛信息,2022-01-14,45.2082,44.4027,46.122,44.3426,-1.3947,-3.0454,45.7974
300895.SZ,铜牛信息,2022-01-17,45.076,48.2382,48.9115,45.076,3.8355,8.638,44.4027
300895.SZ,铜牛信息,2022-01-18,48.5027,48.2141,50.8593,47.6129,-0.024,-0.0499,48.2382
300895.SZ,铜牛信息,2022-01-19,46.8915,51.4605,53.5405,46.8915,3.2463,6.7332,48.2141
300895.SZ,铜牛信息,2022-01-20,51.6168,50.1018,51.6168,49.0558,-1.3587,-2.6402,51.4605
300895.SZ,铜牛信息,2022-01-21,49.8734,51.8452,54.0094,49.8253,1.7434,3.4797,50.1018
300895.SZ,铜牛信息,2022-01-24,51.6168,53.4804,56.6305,50.9915,1.6352,3.154,51.8452
300895.SZ,铜牛信息,2022-01-25,52.4584,52.5426,56.1977,50.5106,-0.9378,-1.7536,53.4804
300895.SZ,铜牛信息,2022-01-26,53.3962,52.8912,53.6848,50.0297,0.3487,0.6636,52.5426
300895.SZ,铜牛信息,2022-01-27,53.6968,48.0819,53.9613,46.9637,-4.8094,-9.093,52.8912
300895.SZ,铜牛信息,2022-01-28,48.0819,48.6349,51.0997,47.5288,0.5531,1.1503,48.0819
300895.SZ,铜牛信息,2022-02-07,49.669,51.0517,52.3021,48.9115,2.4167,4.9691,48.6349
300895.SZ,铜牛信息,2022-02-08,50.6188,54.6587,55.6566,49.5247,3.607,7.0655,51.0517
300895.SZ,铜牛信息,2022-02-09,54.5625,55.0194,55.8851,53.4323,0.3607,0.6599,54.6587
300895.SZ,铜牛信息,2022-02-10,54.791,55.4883,56.9672,53.8651,0.4689,0.8523,55.0194
300895.SZ,铜牛信息,2022-02-11,54.5745,54.286,56.1015,52.9273,-1.2023,-2.1668,55.4883
300895.SZ,铜牛信息,2022-02-14,53.276,52.9995,54.3461,51.7129,-1.2865,-2.3699,54.286
300895.SZ,铜牛信息,2022-02-15,53.2519,52.1698,53.3481,51.22,-0.8296,-1.5653,52.9995
300895.SZ,铜牛信息,2022-02-16,55.2959,52.4704,56.4983,52.3742,0.3006,0.5762,52.1698
300895.SZ,铜牛信息,2022-02-17,52.0496,50.8593,54.3461,50.739,-1.6111,-3.0706,52.4704
300895.SZ,铜牛信息,2022-02-18,53.7209,55.5965,55.9452,53.0355,4.7372,9.3144,50.8593
300895.SZ,铜牛信息,2022-02-21,60.1173,63.532,66.0088,58.6745,7.9355,14.2734,55.5965
300895.SZ,铜牛信息,2022-02-22,60.9349,60.8989,62.522,59.7086,-2.6331,-4.1446,63.532
300895.SZ,铜牛信息,2022-02-23,60.4781,60.0332,62.4018,58.3259,-0.8657,-1.4215,60.8989
300895.SZ,铜牛信息,2022-02-24,58.939,55.5003,61.969,53.0716,-4.5328,-7.5506,60.0332
300895.SZ,铜牛信息,2022-02-25,56.5103,56.7267,58.0012,55.32,1.2264,2.2097,55.5003
300895.SZ,铜牛信息,2022-02-28,55.7047,57.2317,58.915,53.7209,0.505,0.8902,56.7267
300895.SZ,铜牛信息,2022-03-01,56.4382,58.0734,59.2637,55.9813,0.8416,1.4706,57.2317
300895.SZ,铜牛信息,2022-03-02,56.5103,56.4021,57.9171,55.4282,-1.6713,-2.8778,58.0734
300895.SZ,铜牛信息,2022-03-03,56.5103,57.1115,57.5323,55.6566,0.7094,1.2577,56.4021
300895.SZ,铜牛信息,2022-03-04,56.0294,53.3121,56.847,53.2519,-3.7994,-6.6526,57.1115
300895.SZ,铜牛信息,2022-03-07,52.3622,52.0977,53.1558,51.7129,-1.2144,-2.2779,53.3121
300895.SZ,铜牛信息,2022-03-08,52.6147,52.9995,53.9613,51.8452,0.9018,1.7309,52.0977
300895.SZ,铜牛信息,2022-03-09,51.7009,53.1918,53.8531,48.659,0.1924,0.363,52.9995
300895.SZ,铜牛信息,2022-03-10,54.803,52.3983,54.9352,52.3382,-0.7935,-1.4919,53.1918
300895.SZ,铜牛信息,2022-03-11,50.6188,51.5085,52.4223,50.1258,-0.8897,-1.698,52.3983
300895.SZ,铜牛信息,2022-03-14,50.6789,48.1179,51.5206,48.0939,-3.3906,-6.5826,51.5085
300895.SZ,铜牛信息,2022-03-15,47.1921,46.4467,49.176,46.4106,-1.6713,-3.4733,48.1179
300895.SZ,铜牛信息,2022-03-16,47.7572,48.2863,48.8874,46.6511,1.8396,3.9607,46.4467
300895.SZ,铜牛信息,2022-03-17,49.1519,48.659,50.3182,47.9496,0.3727,0.7719,48.2863
300895.SZ,铜牛信息,2022-03-18,48.3343,48.4185,49.8734,47.9616,-0.2405,-0.4942,48.659
300895.SZ,铜牛信息,2022-03-21,47.8534,48.5508,49.0798,47.5168,0.1323,0.2732,48.4185
300895.SZ,铜牛信息,2022-03-22,48.5387,51.22,51.6168,47.7692,2.6692,5.4978,48.5508
300895.SZ,铜牛信息,2022-03-23,50.4986,50.1379,51.0637,49.6569,-1.0821,-2.1127,51.22
300895.SZ,铜牛信息,2022-03-24,49.6329,48.4065,49.8373,48.0338,-1.7314,-3.4532,50.1379
300895.SZ,铜牛信息,2022-03-25,48.5027,48.0578,49.188,48.0578,-0.3487,-0.7203,48.4065
300895.SZ,铜牛信息,2022-03-28,47.3604,48.5027,48.8634,46.9516,0.4449,0.9257,48.0578
300895.SZ,铜牛信息,2022-03-29,48.2261,46.3625,48.8033,46.2904,-2.1402,-4.4125,48.5027
300895.SZ,铜牛信息,2022-03-30,46.6992,46.627,47.2041,45.2082,0.2645,0.5705,46.3625
300895.SZ,铜牛信息,2022-03-31,46.2062,46.8915,47.1801,45.6892,0.2645,0.5673,46.627
300895.SZ,铜牛信息,2022-04-01,47.2522,45.2924,47.2522,45.2924,-1.5991,-3.4103,46.8915
300895.SZ,铜牛信息,2022-04-06,45.076,45.6651,46.7232,44.7393,0.3727,0.8229,45.2924
300895.SZ,铜牛信息,2022-04-07,45.3285,42.2865,45.5449,42.2625,-3.3786,-7.3986,45.6651
300895.SZ,铜牛信息,2022-04-08,42.3226,41.7335,42.6833,41.0962,-0.5531,-1.3079,42.2865
300895.SZ,铜牛信息,2022-04-11,41.1082,39.2206,41.2766,38.7516,-2.5129,-6.0213,41.7335
300895.SZ,铜牛信息,2022-04-12,39.5572,39.8458,39.9059,38.8478,0.6252,1.5941,39.2206
300895.SZ,铜牛信息,2022-04-13,39.6895,38.0904,39.6895,37.9942,-1.7554,-4.4056,39.8458
300895.SZ,铜牛信息,2022-04-14,38.7035,38.4992,39.5452,38.427,0.4088,1.0732,38.0904
300895.SZ,铜牛信息,2022-04-15,38.2346,38.7276,39.2446,37.4531,0.2284,0.5934,38.4992
300895.SZ,铜牛信息,2022-04-18,38.1625,39.4129,39.5572,37.4531,0.6853,1.7696,38.7276
300895.SZ,铜牛信息,2022-04-19,39.6775,39.437,40.0502,39.0763,0.024,0.061,39.4129
300895.SZ,铜牛信息,2022-04-20,40.8678,39.1965,41.0601,38.8959,-0.2405,-0.6098,39.437
300895.SZ,铜牛信息,2022-04-21,38.8118,37.0323,39.1965,36.9121,-2.1642,-5.5215,39.1965
300895.SZ,铜牛信息,2022-04-22,36.5513,35.8179,37.7657,35.5895,-1.2144,-3.2792,37.0323
300895.SZ,铜牛信息,2022-04-25,34.4833,32.1989,35.349,32.0786,-3.6191,-10.1041,35.8179
300895.SZ,铜牛信息,2022-04-26,32.4994,30.9965,33.0525,30.6959,-1.2023,-3.7341,32.1989
300895.SZ,铜牛信息,2022-04-27,30.9845,32.4513,32.4513,30.5035,1.4548,4.6936,30.9965
300895.SZ,铜牛信息,2022-04-28,32.3191,31.1167,32.3191,30.6598,-1.3346,-4.1126,32.4513
300895.SZ,铜牛信息,2022-04-29,31.6337,32.4153,32.788,31.3933,1.2985,4.1731,31.1167
300895.SZ,铜牛信息,2022-05-05,32.3672,32.8601,33.305,31.7179,0.4449,1.3724,32.4153
300895.SZ,铜牛信息,2022-05-06,32.0786,34.4352,35.5774,31.5977,1.5751,4.7933,32.8601
300895.SZ,铜牛信息,2022-05-09,34.3991,34.3511,35.349,33.798,-0.0842,-0.2444,34.4352
300895.SZ,铜牛信息,2022-05-10,33.5455,34.7599,35.0123,33.305,0.4088,1.1901,34.3511
300895.SZ,铜牛信息,2022-05-11,34.4833,34.4953,35.7698,34.2789,-0.2645,-0.761,34.7599
300895.SZ,铜牛信息,2022-05-12,34.3511,34.844,35.1686,33.9783,0.3487,1.0108,34.4953
300895.SZ,铜牛信息,2022-05-13,34.8681,34.6156,35.0725,34.1707,-0.2284,-0.6556,34.844
300895.SZ,铜牛信息,2022-05-16,34.8079,34.4713,35.0364,34.1106,-0.1443,-0.4168,34.6156
300895.SZ,铜牛信息,2022-05-17,34.856,35.2769,35.2889,33.8581,0.8056,2.3369,34.4713
300895.SZ,铜牛信息,2022-05-18,37.1645,37.6094,40.8678,37.1645,2.3326,6.6121,35.2769
300895.SZ,铜牛信息,2022-05-19,36.6596,38.0062,38.8118,35.9141,0.3968,1.055,37.6094
300895.SZ,铜牛信息,2022-05-20,37.6094,37.3569,38.1264,36.9,-0.6493,-1.7083,38.0062
300895.SZ,铜牛信息,2022-05-23,37.3569,37.91,38.0904,37.2848,0.5531,1.4805,37.3569
300895.SZ,铜牛信息,2022-05-24,37.5974,35.5895,37.9461,35.5895,-2.3205,-6.1212,37.91
300895.SZ,铜牛信息,2022-05-25,36.0464,36.5634,37.2607,35.9021,0.9739,2.7365,35.5895
300895.SZ,铜牛信息,2022-05-26,36.6115,36.7317,37.2126,35.4933,0.1683,0.4604,36.5634
300895.SZ,铜牛信息,2022-05-27,36.6115,36.5393,37.4772,36.1666,-0.1924,-0.5237,36.7317
300895.SZ,铜牛信息,2022-05-30,36.4552,37.0082,37.0082,36.1065,0.4689,1.2833,36.5393
300895.SZ,铜牛信息,2022-05-31,37.1275,37.2996,37.6175,35.9883,0.2914,0.7874,37.0082
300895.SZ,铜牛信息,2022-06-01,37.1539,37.5778,38.1341,36.9553,0.2782,0.7457,37.2996
300895.SZ,铜牛信息,2022-06-02,37.6308,38.2798,38.5447,37.0215,0.702,1.8682,37.5778
300895.SZ,铜牛信息,2022-06-06,38.4917,38.9156,39.5514,38.4255,0.6358,1.6609,38.2798
300895.SZ,铜牛信息,2022-06-07,39.0746,38.0546,39.3262,37.75,-0.861,-2.2124,38.9156
300895.SZ,铜牛信息,2022-06-08,38.399,38.6374,39.3395,37.3129,0.5828,1.5315,38.0546
300895.SZ,铜牛信息,2022-06-09,38.611,37.1937,38.611,36.9288,-1.4438,-3.7367,38.6374
300895.SZ,铜牛信息,2022-06-10,36.8228,37.644,37.9487,36.7963,0.4504,1.2108,37.1937
300895.SZ,铜牛信息,2022-06-13,37.3129,38.1474,38.4123,36.9288,0.5033,1.3371,37.644
300895.SZ,铜牛信息,2022-06-14,38.1474,37.3659,38.2798,36.2003,-0.7815,-2.0486,38.1474
300895.SZ,铜牛信息,2022-06-15,37.591,37.8692,38.7169,37.4983,0.5033,1.347,37.3659
300895.SZ,铜牛信息,2022-06-16,37.8692,38.4785,39.0613,37.6573,0.6093,1.609,37.8692
300895.SZ,铜牛信息,2022-06-17,38.1739,38.1209,38.5315,37.3791,-0.3576,-0.9294,38.4785
300895.SZ,铜牛信息,2022-06-20,38.2533,38.7037,39.4322,38.0546,0.5828,1.5288,38.1209
300895.SZ,铜牛信息,2022-06-21,38.7832,39.8693,39.9223,38.2666,1.1656,3.0116,38.7037
300895.SZ,铜牛信息,2022-06-22,40.8362,38.9156,40.8362,38.8361,-0.9537,-2.392,39.8693
300895.SZ,铜牛信息,2022-06-23,39.313,38.6772,39.5911,38.1871,-0.2384,-0.6127,38.9156
300895.SZ,铜牛信息,2022-06-24,38.9024,38.9156,39.6044,38.5182,0.2384,0.6164,38.6772
300895.SZ,铜牛信息,2022-06-27,38.6772,38.4653,39.0348,38.2136,-0.4504,-1.1572,38.9156
300895.SZ,铜牛信息,2022-06-28,38.3725,39.1275,39.1673,37.856,0.6623,1.7218,38.4653
300895.SZ,铜牛信息,2022-06-29,38.9024,38.611,39.7103,38.5315,-0.5166,-1.3202,39.1275
300895.SZ,铜牛信息,2022-06-30,38.8626,38.4388,39.0481,38.2798,-0.1722,-0.446,38.611
300895.SZ,铜牛信息,2022-07-01,38.2798,38.1076,38.7699,37.8824,-0.3311,-0.8615,38.4388
300895.SZ,铜牛信息,2022-07-04,38.5447,39.1408,39.5249,38.1209,1.0332,2.7112,38.1076
300895.SZ,铜牛信息,2022-07-05,39.0746,37.7235,39.1408,37.1142,-1.4173,-3.621,39.1408
300895.SZ,铜牛信息,2022-07-06,37.6838,37.2334,38.0811,37.2202,-0.4901,-1.2992,37.7235
300895.SZ,铜牛信息,2022-07-07,37.4851,37.2334,37.75,37.0877,0.0,0.0,37.2334
300895.SZ,铜牛信息,2022-07-08,37.2467,37.5778,38.3725,37.2069,0.3444,0.9249,37.2334
300895.SZ,铜牛信息,2022-07-11,37.4586,36.5711,37.4586,36.2003,-1.0067,-2.6789,37.5778
300895.SZ,铜牛信息,2022-07-12,36.3725,35.7632,36.4917,35.6439,-0.808,-2.2093,36.5711
300895.SZ,铜牛信息,2022-07-13,35.7234,36.1075,36.2267,35.7234,0.3444,0.963,35.7632
300895.SZ,铜牛信息,2022-07-14,36.1738,35.9486,36.4917,35.8426,-0.1589,-0.4402,36.1075
300895.SZ,铜牛信息,2022-07-15,35.9486,36.8096,39.207,35.0479,0.861,2.395,35.9486
300895.SZ,铜牛信息,2022-07-18,36.3725,37.6308,38.0149,36.2135,0.8212,2.231,36.8096
300895.SZ,铜牛信息,2022-07-19,37.6175,39.0746,39.2467,37.101,1.4438,3.8367,37.6308
300895.SZ,铜牛信息,2022-07-20,39.3395,39.4454,39.6706,38.7434,0.3709,0.9492,39.0746
300895.SZ,铜牛信息,2022-07-21,39.207,40.9289,42.5184,39.207,1.4835,3.7609,39.4454
300895.SZ,铜牛信息,2022-07-22,40.4786,40.5713,41.525,40.2402,-0.3576,-0.8738,40.9289
300895.SZ,铜牛信息,2022-07-25,40.8495,40.3859,41.9886,40.2402,-0.1854,-0.4571,40.5713
300895.SZ,铜牛信息,2022-07-26,40.4124,41.4455,41.7237,40.0282,1.0596,2.6238,40.3859
300895.SZ,铜牛信息,2022-07-27,41.8561,41.3793,42.0813,40.8097,-0.0662,-0.1598,41.4455
300895.SZ,铜牛信息,2022-07-28,41.4588,41.2866,41.9621,41.1939,-0.0927,-0.2241,41.3793
300895.SZ,铜牛信息,2022-07-29,40.9422,40.5581,41.2733,40.3726,-0.7285,-1.7645,41.2866
300895.SZ,铜牛信息,2022-08-01,40.5713,40.5448,41.1939,40.1739,-0.0132,-0.0327,40.5581
300895.SZ,铜牛信息,2022-08-02,39.8825,38.2931,40.1872,37.8824,-2.2518,-5.5537,40.5448
300895.SZ,铜牛信息,2022-08-03,38.9289,39.4719,40.9157,38.8096,1.1789,3.0785,38.2931
300895.SZ,铜牛信息,2022-08-04,40.2534,39.8958,40.3196,39.26,0.4239,1.0738,39.4719
300895.SZ,铜牛信息,2022-08-05,40.121,41.0482,41.0482,40.121,1.1524,2.8884,39.8958
300895.SZ,铜牛信息,2022-08-08,40.9289,40.8495,41.0614,40.4521,-0.1987,-0.484,41.0482
300895.SZ,铜牛信息,2022-08-09,40.8495,40.3461,41.1144,40.015,-0.5033,-1.2322,40.8495
300895.SZ,铜牛信息,2022-08-10,40.068,40.1607,40.6243,39.6706,-0.1854,-0.4596,40.3461
300895.SZ,铜牛信息,2022-08-11,40.2004,40.3461,40.5978,40.015,0.1854,0.4617,40.1607
300895.SZ,铜牛信息,2022-08-12,40.4124,40.2799,41.0614,39.856,-0.0662,-0.1641,40.3461
300895.SZ,铜牛信息,2022-08-15,40.2799,39.2997,40.2799,39.2467,-0.9802,-2.4334,40.2799
300895.SZ,铜牛信息,2022-08-16,39.313,39.0481,39.6706,38.9289,-0.2517,-0.6404,39.2997
300895.SZ,铜牛信息,2022-08-17,39.0613,38.7832,39.2335,38.505,-0.2649,-0.6784,39.0481
300895.SZ,铜牛信息,2022-08-18,38.6772,38.9289,39.0746,38.1209,0.1457,0.3757,38.7832
300895.SZ,铜牛信息,2022-08-19,38.9289,37.4851,39.5646,37.0877,-1.4438,-3.7087,38.9289
300895.SZ,铜牛信息,2022-08-22,37.5381,37.591,38.2401,36.6639,0.106,0.2827,37.4851
300895.SZ,铜牛信息,2022-08-23,37.5646,38.0414,38.0546,37.2202,0.4504,1.198,37.591
300895.SZ,铜牛信息,2022-08-24,38.0149,37.0215,38.7699,36.7831,-1.0199,-2.6811,38.0414
300895.SZ,铜牛信息,2022-08-25,36.9288,36.1738,37.1539,35.4982,-0.8477,-2.2898,37.0215
300895.SZ,铜牛信息,2022-08-26,36.3592,35.8824,36.7168,35.7764,-0.2914,-0.8056,36.1738
300895.SZ,铜牛信息,2022-08-29,35.5115,35.8956,35.9751,34.7035,0.0132,0.0369,35.8824
300895.SZ,铜牛信息,2022-08-30,35.9089,35.7367,36.2267,35.326,-0.1589,-0.4428,35.8956
300895.SZ,铜牛信息,2022-08-31,35.7102,34.8889,36.1605,34.7035,-0.8477,-2.3721,35.7367
300895.SZ,铜牛信息,2022-09-01,34.9552,34.6638,35.6042,34.6638,-0.2252,-0.6454,34.8889
300895.SZ,铜牛信息,2022-09-02,34.73,35.3128,35.5247,34.6638,0.649,1.8724,34.6638
300895.SZ,铜牛信息,2022-09-05,35.7499,35.2996,35.8161,34.836,-0.0132,-0.0375,35.3128
300895.SZ,铜牛信息,2022-09-06,35.2996,35.3525,35.5777,34.9817,0.053,0.1501,35.2996
300895.SZ,铜牛信息,2022-09-07,35.2333,35.4982,35.6572,35.0479,0.1457,0.4121,35.3525
300895.SZ,铜牛信息,2022-09-08,35.4982,34.1737,35.6042,34.1737,-1.3246,-3.7313,35.4982
300895.SZ,铜牛信息,2022-09-09,34.2399,34.4121,34.73,33.7763,0.2384,0.6977,34.1737
300895.SZ,铜牛信息,2022-09-13,34.5578,34.4783,35.0611,34.3724,0.0662,0.1925,34.4121
