"代码","简称","时间","开盘价(元)","收盘价(元)","最高价(元)","最低价(元)","涨跌(元)","涨跌幅(%)","前收盘价(元)"
"300895.SZ","铜牛信息","2020-09-24","71.0000","69.0900","76.0000","69.0700","56.4400","446.1660","12.6500"
"300895.SZ","铜牛信息","2020-09-25","67.0000","59.5000","69.7400","59.5000","-9.5900","-13.8804","69.0900"
"300895.SZ","铜牛信息","2020-09-28","57.9900","58.6000","62.7000","57.0200","-0.9000","-1.5126","59.5000"
"300895.SZ","铜牛信息","2020-09-29","59.4500","55.0200","59.4600","54.8800","-3.5800","-6.1092","58.6000"
"300895.SZ","铜牛信息","2020-09-30","54.8000","52.4000","56.4600","52.3200","-2.6200","-4.7619","55.0200"
"300895.SZ","铜牛信息","2020-10-09","53.6000","54.5500","55.7200","52.8900","2.1500","4.1031","52.4000"
"300895.SZ","铜牛信息","2020-10-12","54.1800","58.3800","59.4700","54.0000","3.8300","7.0211","54.5500"
"300895.SZ","铜牛信息","2020-10-13","57.4300","56.6800","57.5000","55.8000","-1.7000","-2.9120","58.3800"
"300895.SZ","铜牛信息","2020-10-14","56.4500","59.2000","61.7700","56.4500","2.5200","4.4460","56.6800"
"300895.SZ","铜牛信息","2020-10-15","58.5200","60.6000","64.4500","57.0500","1.4000","2.3649","59.2000"
"300895.SZ","铜牛信息","2020-10-16","58.9500","59.1400","62.4400","58.0000","-1.4600","-2.4092","60.6000"
"300895.SZ","铜牛信息","2020-10-19","62.4000","61.4300","70.0000","60.8900","2.2900","3.8722","59.1400"
"300895.SZ","铜牛信息","2020-10-20","59.8000","73.7200","73.7200","59.1800","12.2900","20.0065","61.4300"
"300895.SZ","铜牛信息","2020-10-21","70.0600","73.6900","74.6800","67.7600","-0.0300","-0.0407","73.7200"
"300895.SZ","铜牛信息","2020-10-22","70.5000","65.7500","71.6000","65.5800","-7.9400","-10.7749","73.6900"
"300895.SZ","铜牛信息","2020-10-23","65.4400","78.9000","78.9000","65.4400","13.1500","20.0000","65.7500"
"300895.SZ","铜牛信息","2020-10-26","79.9800","77.5100","79.9800","73.8000","-1.3900","-1.7617","78.9000"
"300895.SZ","铜牛信息","2020-10-27","75.0000","72.3500","75.7000","70.8300","-5.1600","-6.6572","77.5100"
"300895.SZ","铜牛信息","2020-10-28","72.5100","73.4000","76.4000","71.0200","1.0500","1.4513","72.3500"
"300895.SZ","铜牛信息","2020-10-29","69.0000","68.1800","71.3000","67.6000","-5.2200","-7.1117","73.4000"
"300895.SZ","铜牛信息","2020-10-30","67.5000","64.8800","69.3500","64.8800","-3.3000","-4.8401","68.1800"
"300895.SZ","铜牛信息","2020-11-02","65.0000","65.8600","67.6300","64.3000","0.9800","1.5105","64.8800"
"300895.SZ","铜牛信息","2020-11-03","66.3500","67.9500","70.3000","65.4000","2.0900","3.1734","65.8600"
"300895.SZ","铜牛信息","2020-11-04","67.8000","65.1000","68.8900","64.8100","-2.8500","-4.1943","67.9500"
"300895.SZ","铜牛信息","2020-11-05","66.0000","68.4900","69.1900","65.7100","3.3900","5.2074","65.1000"
"300895.SZ","铜牛信息","2020-11-06","68.0000","64.5200","69.3600","64.0000","-3.9700","-5.7965","68.4900"
"300895.SZ","铜牛信息","2020-11-09","64.7100","66.3200","67.0000","64.7100","1.8000","2.7898","64.5200"
"300895.SZ","铜牛信息","2020-11-10","65.9800","63.2300","65.9900","62.9000","-3.0900","-4.6592","66.3200"
"300895.SZ","铜牛信息","2020-11-11","62.7000","63.2100","64.5000","62.2300","-0.0200","-0.0316","63.2300"
"300895.SZ","铜牛信息","2020-11-12","63.3300","60.2000","63.6500","59.8900","-3.0100","-4.7619","63.2100"
"300895.SZ","铜牛信息","2020-11-13","60.0600","60.8300","61.4900","60.0600","0.6300","1.0465","60.2000"
"300895.SZ","铜牛信息","2020-11-16","60.7000","62.3000","62.8900","60.1100","1.4700","2.4166","60.8300"
"300895.SZ","铜牛信息","2020-11-17","61.8900","63.3300","63.8000","61.2200","1.0300","1.6533","62.3000"
"300895.SZ","铜牛信息","2020-11-18","62.4000","61.4500","62.9600","60.7100","-1.8800","-2.9686","63.3300"
"300895.SZ","铜牛信息","2020-11-19","61.0000","62.0600","62.4000","59.4100","0.6100","0.9927","61.4500"
"300895.SZ","铜牛信息","2020-11-20","62.0000","60.0300","62.0000","59.7800","-2.0300","-3.2710","62.0600"
"300895.SZ","铜牛信息","2020-11-23","59.4800","60.1800","60.2700","57.9000","0.1500","0.2499","60.0300"
"300895.SZ","铜牛信息","2020-11-24","59.5100","59.8800","61.5000","59.5000","-0.3000","-0.4985","60.1800"
"300895.SZ","铜牛信息","2020-11-25","59.8200","61.8700","62.6800","59.0000","1.9900","3.3233","59.8800"
"300895.SZ","铜牛信息","2020-11-26","61.3600","60.5100","61.7600","60.3600","-1.3600","-2.1982","61.8700"
"300895.SZ","铜牛信息","2020-11-27","60.3800","58.2000","60.9700","57.9200","-2.3100","-3.8176","60.5100"
"300895.SZ","铜牛信息","2020-11-30","58.0600","58.5700","59.2800","57.0000","0.3700","0.6357","58.2000"
"300895.SZ","铜牛信息","2020-12-01","58.5000","59.1000","60.2000","57.9200","0.5300","0.9049","58.5700"
"300895.SZ","铜牛信息","2020-12-02","58.9100","59.8400","60.1000","58.1000","0.7400","1.2521","59.1000"
"300895.SZ","铜牛信息","2020-12-03","59.4500","60.3900","62.5000","58.3000","0.5500","0.9191","59.8400"
"300895.SZ","铜牛信息","2020-12-04","60.9000","63.5100","65.5000","60.6700","3.1200","5.1664","60.3900"
"300895.SZ","铜牛信息","2020-12-07","62.5100","62.9000","64.3000","62.0500","-0.6100","-0.9605","63.5100"
"300895.SZ","铜牛信息","2020-12-08","62.2200","59.7900","63.3100","59.6800","-3.1100","-4.9444","62.9000"
"300895.SZ","铜牛信息","2020-12-09","59.6600","57.4700","59.6600","57.1300","-2.3200","-3.8802","59.7900"
"300895.SZ","铜牛信息","2020-12-10","56.8300","56.2500","58.0100","56.0000","-1.2200","-2.1228","57.4700"
"300895.SZ","铜牛信息","2020-12-11","56.1000","57.1000","58.0000","56.0200","0.8500","1.5111","56.2500"
"300895.SZ","铜牛信息","2020-12-14","56.7800","56.6600","56.8000","55.4000","-0.4400","-0.7706","57.1000"
"300895.SZ","铜牛信息","2020-12-15","56.7500","57.4000","59.0900","56.3500","0.7400","1.3060","56.6600"
"300895.SZ","铜牛信息","2020-12-16","56.8000","53.7100","57.2000","53.6600","-3.6900","-6.4286","57.4000"
"300895.SZ","铜牛信息","2020-12-17","53.1600","54.2900","54.6500","53.1000","0.5800","1.0799","53.7100"
"300895.SZ","铜牛信息","2020-12-18","54.0000","52.8200","54.5800","52.5300","-1.4700","-2.7077","54.2900"
"300895.SZ","铜牛信息","2020-12-21","52.4800","53.2100","53.4800","52.3600","0.3900","0.7384","52.8200"
"300895.SZ","铜牛信息","2020-12-22","53.2300","50.3100","53.2300","50.0100","-2.9000","-5.4501","53.2100"
"300895.SZ","铜牛信息","2020-12-23","50.1400","48.6100","50.7800","48.5100","-1.7000","-3.3790","50.3100"
"300895.SZ","铜牛信息","2020-12-24","48.7700","49.0700","50.8500","47.8900","0.4600","0.9463","48.6100"
"300895.SZ","铜牛信息","2020-12-25","48.8500","49.9100","51.4800","48.8500","0.8400","1.7118","49.0700"
"300895.SZ","铜牛信息","2020-12-28","49.5000","47.0800","49.7900","46.8000","-2.8300","-5.6702","49.9100"
"300895.SZ","铜牛信息","2020-12-29","46.9100","48.1100","49.1500","46.2000","1.0300","2.1878","47.0800"
"300895.SZ","铜牛信息","2020-12-30","47.8000","48.4300","48.7000","47.1300","0.3200","0.6651","48.1100"
"300895.SZ","铜牛信息","2020-12-31","48.1500","49.4800","50.3300","48.1500","1.0500","2.1681","48.4300"
"300895.SZ","铜牛信息","2021-01-04","49.8900","50.4600","51.2700","49.1100","0.9800","1.9806","49.4800"
"300895.SZ","铜牛信息","2021-01-05","50.4000","50.8900","51.4000","49.8100","0.4300","0.8522","50.4600"
"300895.SZ","铜牛信息","2021-01-06","51.1800","48.0200","51.2200","47.8000","-2.8700","-5.6396","50.8900"
"300895.SZ","铜牛信息","2021-01-07","47.8000","45.8300","48.0100","45.1100","-2.1900","-4.5606","48.0200"
"300895.SZ","铜牛信息","2021-01-08","45.4000","45.5800","46.8800","44.5100","-0.2500","-0.5455","45.8300"
"300895.SZ","铜牛信息","2021-01-11","45.0600","43.1000","45.8300","42.4500","-2.4800","-5.4410","45.5800"
"300895.SZ","铜牛信息","2021-01-12","42.5900","42.6100","43.8400","42.2400","-0.4900","-1.1369","43.1000"
"300895.SZ","铜牛信息","2021-01-13","42.6000","40.2000","42.6000","39.9400","-2.4100","-5.6559","42.6100"
"300895.SZ","铜牛信息","2021-01-14","40.3800","41.8900","42.5200","40.2100","1.6900","4.2040","40.2000"
"300895.SZ","铜牛信息","2021-01-15","41.4900","45.1200","46.8600","41.2200","3.2300","7.7107","41.8900"
"300895.SZ","铜牛信息","2021-01-18","44.6000","44.8500","45.8000","44.0600","-0.2700","-0.5984","45.1200"
"300895.SZ","铜牛信息","2021-01-19","45.2000","47.0400","49.5000","45.0000","2.1900","4.8829","44.8500"
"300895.SZ","铜牛信息","2021-01-20","46.4700","46.0800","46.9500","45.3100","-0.9600","-2.0408","47.0400"
"300895.SZ","铜牛信息","2021-01-21","45.5100","45.7600","47.4100","45.3100","-0.3200","-0.6944","46.0800"
"300895.SZ","铜牛信息","2021-01-22","45.9100","44.8700","46.4300","44.3600","-0.8900","-1.9449","45.7600"
"300895.SZ","铜牛信息","2021-01-25","44.5300","43.0900","44.8700","42.7300","-1.7800","-3.9670","44.8700"
"300895.SZ","铜牛信息","2021-01-26","42.9400","44.1600","45.4900","42.5500","1.0700","2.4832","43.0900"
"300895.SZ","铜牛信息","2021-01-27","43.5200","46.8100","47.5000","43.0800","2.6500","6.0009","44.1600"
"300895.SZ","铜牛信息","2021-01-28","46.0000","44.5300","47.7500","44.0000","-2.2800","-4.8708","46.8100"
"300895.SZ","铜牛信息","2021-01-29","44.6100","43.6100","45.3500","42.3100","-0.9200","-2.0660","44.5300"
"300895.SZ","铜牛信息","2021-02-01","43.6100","46.8100","47.0000","43.6100","3.2000","7.3378","43.6100"
"300895.SZ","铜牛信息","2021-02-02","46.0200","46.1200","47.5200","45.5700","-0.6900","-1.4740","46.8100"
"300895.SZ","铜牛信息","2021-02-03","45.7900","43.9800","46.3500","43.9000","-2.1400","-4.6401","46.1200"
"300895.SZ","铜牛信息","2021-02-04","43.3700","43.9500","44.4500","41.1000","-0.0300","-0.0682","43.9800"
"300895.SZ","铜牛信息","2021-02-05","43.7900","41.8000","45.8000","41.4400","-2.1500","-4.8919","43.9500"
"300895.SZ","铜牛信息","2021-02-08","41.0000","39.2100","41.7800","39.2100","-2.5900","-6.1962","41.8000"
"300895.SZ","铜牛信息","2021-02-09","39.5900","42.0500","43.4600","39.4900","2.8400","7.2431","39.2100"
"300895.SZ","铜牛信息","2021-02-10","41.8100","42.2200","44.3600","41.5000","0.1700","0.4043","42.0500"
"300895.SZ","铜牛信息","2021-02-18","43.4600","44.3800","45.5900","43.1000","2.1600","5.1161","42.2200"
"300895.SZ","铜牛信息","2021-02-19","44.5600","45.4400","46.0100","44.0300","1.0600","2.3885","44.3800"
"300895.SZ","铜牛信息","2021-02-22","45.8800","45.6500","47.8800","45.0300","0.2100","0.4621","45.4400"
"300895.SZ","铜牛信息","2021-02-23","44.5200","44.0000","45.5600","43.5000","-1.6500","-3.6145","45.6500"
"300895.SZ","铜牛信息","2021-02-24","44.0400","46.5500","47.5000","43.6100","2.5500","5.7955","44.0000"
"300895.SZ","铜牛信息","2021-02-25","46.0100","45.8000","46.6300","44.4100","-0.7500","-1.6112","46.5500"
"300895.SZ","铜牛信息","2021-02-26","44.5000","47.8000","49.6600","44.5000","2.0000","4.3668","45.8000"
"300895.SZ","铜牛信息","2021-03-01","48.9600","47.7700","48.9900","46.9900","-0.0300","-0.0628","47.8000"
"300895.SZ","铜牛信息","2021-03-02","47.2000","47.2300","47.7600","45.6500","-0.5400","-1.1304","47.7700"
"300895.SZ","铜牛信息","2021-03-03","47.0500","46.9300","47.1900","45.7200","-0.3000","-0.6352","47.2300"
"300895.SZ","铜牛信息","2021-03-04","46.5000","45.0000","46.9200","44.8900","-1.9300","-4.1125","46.9300"
"300895.SZ","铜牛信息","2021-03-05","44.5900","44.9300","45.6000","44.4000","-0.0700","-0.1556","45.0000"
"300895.SZ","铜牛信息","2021-03-08","45.0100","44.0000","46.2600","43.8000","-0.9300","-2.0699","44.9300"
"300895.SZ","铜牛信息","2021-03-09","43.8700","41.1600","44.0000","40.7300","-2.8400","-6.4545","44.0000"
"300895.SZ","铜牛信息","2021-03-10","41.3700","41.3000","41.9300","40.3000","0.1400","0.3401","41.1600"
"300895.SZ","铜牛信息","2021-03-11","40.9800","41.6000","42.4500","40.8000","0.3000","0.7264","41.3000"
"300895.SZ","铜牛信息","2021-03-12","42.0000","40.3000","42.0600","40.0200","-1.3000","-3.1250","41.6000"
"300895.SZ","铜牛信息","2021-03-15","40.0100","40.0500","40.6800","39.5900","-0.2500","-0.6203","40.3000"
"300895.SZ","铜牛信息","2021-03-16","40.0600","41.1600","41.4700","40.0600","1.1100","2.7715","40.0500"
"300895.SZ","铜牛信息","2021-03-17","41.1000","41.9500","42.1700","40.3800","0.7900","1.9193","41.1600"
"300895.SZ","铜牛信息","2021-03-18","41.6400","41.4100","42.2400","41.0800","-0.5400","-1.2872","41.9500"
"300895.SZ","铜牛信息","2021-03-19","41.0400","42.1900","42.5600","40.6000","0.7800","1.8836","41.4100"
"300895.SZ","铜牛信息","2021-03-22","42.3900","42.5000","42.8000","41.9000","0.3100","0.7348","42.1900"
"300895.SZ","铜牛信息","2021-03-23","42.1100","42.2500","43.6000","41.3500","-0.2500","-0.5882","42.5000"
"300895.SZ","铜牛信息","2021-03-24","41.2300","42.9900","43.4000","40.6000","0.7400","1.7515","42.2500"
"300895.SZ","铜牛信息","2021-03-25","42.4600","44.6500","44.6800","41.7900","1.6600","3.8614","42.9900"
"300895.SZ","铜牛信息","2021-03-26","44.1300","43.9500","44.7800","43.5700","-0.7000","-1.5677","44.6500"
"300895.SZ","铜牛信息","2021-03-29","44.0000","42.2800","44.5200","42.2600","-1.6700","-3.7998","43.9500"
"300895.SZ","铜牛信息","2021-03-30","41.9900","41.0600","42.2700","40.7300","-1.2200","-2.8855","42.2800"
"300895.SZ","铜牛信息","2021-03-31","41.0000","41.2600","41.4300","40.6600","0.2000","0.4871","41.0600"
"300895.SZ","铜牛信息","2021-04-01","41.2000","40.6500","41.2000","40.4000","-0.6100","-1.4784","41.2600"
"300895.SZ","铜牛信息","2021-04-02","40.7600","41.5100","41.8500","40.5200","0.8600","2.1156","40.6500"
"300895.SZ","铜牛信息","2021-04-06","41.5200","42.1400","42.2700","41.2300","0.6300","1.5177","41.5100"
"300895.SZ","铜牛信息","2021-04-07","42.0300","42.7200","42.8500","41.6500","0.5800","1.3764","42.1400"
"300895.SZ","铜牛信息","2021-04-08","42.7600","42.1500","43.5000","42.0300","-0.5700","-1.3343","42.7200"
"300895.SZ","铜牛信息","2021-04-09","42.1500","42.4500","43.1400","41.9400","0.3000","0.7117","42.1500"
"300895.SZ","铜牛信息","2021-04-12","42.2100","41.0000","42.7900","40.8000","-1.4500","-3.4158","42.4500"
"300895.SZ","铜牛信息","2021-04-13","41.0200","41.4000","41.5700","40.8000","0.4000","0.9756","41.0000"
"300895.SZ","铜牛信息","2021-04-14","41.1800","42.0200","42.0200","40.5500","0.6200","1.4976","41.4000"
"300895.SZ","铜牛信息","2021-04-15","41.0500","39.0100","41.0900","38.5000","-3.0100","-7.1633","42.0200"
"300895.SZ","铜牛信息","2021-04-16","39.0100","39.5900","39.9700","38.8400","0.5800","1.4868","39.0100"
"300895.SZ","铜牛信息","2021-04-19","39.4200","40.0300","40.4600","39.4200","0.4400","1.1114","39.5900"
"300895.SZ","铜牛信息","2021-04-20","39.9900","39.0500","40.4300","39.0200","-0.9800","-2.4482","40.0300"
"300895.SZ","铜牛信息","2021-04-21","39.1000","38.9000","39.5000","38.7300","-0.1500","-0.3841","39.0500"
"300895.SZ","铜牛信息","2021-04-22","39.2700","39.4200","39.6900","38.6400","0.5200","1.3368","38.9000"
"300895.SZ","铜牛信息","2021-04-23","39.4200","38.1700","39.4200","37.8500","-1.2500","-3.1710","39.4200"
"300895.SZ","铜牛信息","2021-04-26","38.0100","37.5300","38.2000","37.4800","-0.6400","-1.6767","38.1700"
"300895.SZ","铜牛信息","2021-04-27","37.6800","36.1500","37.6800","35.8800","-1.3800","-3.6771","37.5300"
"300895.SZ","铜牛信息","2021-04-28","36.0000","36.2000","36.4400","35.5900","0.0500","0.1383","36.1500"
"300895.SZ","铜牛信息","2021-04-29","36.1600","35.6000","36.5000","35.6000","-0.6000","-1.6575","36.2000"
"300895.SZ","铜牛信息","2021-04-30","35.6000","34.2000","35.7300","34.1300","-1.4000","-3.9326","35.6000"
"300895.SZ","铜牛信息","2021-05-06","34.5400","34.3500","35.0500","34.2700","0.1500","0.4386","34.2000"
"300895.SZ","铜牛信息","2021-05-07","34.5600","34.6900","34.9500","34.4000","0.3400","0.9898","34.3500"
"300895.SZ","铜牛信息","2021-05-10","34.7900","34.2000","35.1000","33.8500","-0.4900","-1.4125","34.6900"
"300895.SZ","铜牛信息","2021-05-11","34.0000","34.9300","35.0600","33.5000","0.7300","2.1345","34.2000"
"300895.SZ","铜牛信息","2021-05-12","34.9000","35.8100","35.9500","34.6100","0.8800","2.5193","34.9300"
"300895.SZ","铜牛信息","2021-05-13","35.5600","35.0100","36.0600","35.0000","-0.8000","-2.2340","35.8100"
"300895.SZ","铜牛信息","2021-05-14","34.9900","35.1700","35.4900","34.8100","0.1600","0.4570","35.0100"
"300895.SZ","铜牛信息","2021-05-17","35.1600","36.7100","38.7400","34.2400","1.5400","4.3787","35.1700"
"300895.SZ","铜牛信息","2021-05-18","35.9900","37.3300","38.1500","35.9000","0.6200","1.6889","36.7100"
"300895.SZ","铜牛信息","2021-05-19","37.0200","36.2700","37.4400","36.2700","-1.0600","-2.8395","37.3300"
"300895.SZ","铜牛信息","2021-05-20","36.2900","35.9000","36.7600","35.8100","-0.3700","-1.0201","36.2700"
"300895.SZ","铜牛信息","2021-05-21","36.5000","35.8600","36.5000","35.8000","-0.0400","-0.1114","35.9000"
"300895.SZ","铜牛信息","2021-05-24","35.9000","37.2500","37.7300","35.5000","1.3900","3.8762","35.8600"
"300895.SZ","铜牛信息","2021-05-25","36.8000","37.1500","37.2800","36.7000","-0.1000","-0.2685","37.2500"
"300895.SZ","铜牛信息","2021-05-26","37.3000","37.9100","39.6000","37.1400","0.7600","2.0458","37.1500"
"300895.SZ","铜牛信息","2021-05-27","31.0100","31.2000","31.9800","31.0000","-0.3300","-1.0466","31.5300"
"300895.SZ","铜牛信息","2021-05-28","31.2500","31.1200","31.3600","30.7800","-0.0800","-0.2564","31.2000"
"300895.SZ","铜牛信息","2021-05-31","31.0000","31.4500","31.6200","30.8500","0.3300","1.0604","31.1200"
"300895.SZ","铜牛信息","2021-06-01","31.4500","31.7700","31.9800","31.2300","0.3200","1.0175","31.4500"
"300895.SZ","铜牛信息","2021-06-02","32.0000","32.4600","33.7900","32.0000","0.6900","2.1719","31.7700"
"300895.SZ","铜牛信息","2021-06-03","31.8300","31.7000","32.8600","31.5100","-0.7600","-2.3413","32.4600"
"300895.SZ","铜牛信息","2021-06-04","31.7000","30.9700","31.8600","30.7700","-0.7300","-2.3028","31.7000"
"300895.SZ","铜牛信息","2021-06-07","31.0000","31.9700","31.9700","31.0000","1.0000","3.2289","30.9700"
"300895.SZ","铜牛信息","2021-06-08","31.8000","31.6500","32.4800","31.4000","-0.3200","-1.0009","31.9700"
"300895.SZ","铜牛信息","2021-06-09","31.7200","31.5700","32.1500","31.1300","-0.0800","-0.2528","31.6500"
"300895.SZ","铜牛信息","2021-06-10","31.3000","33.4000","33.6000","31.3000","1.8300","5.7966","31.5700"
"300895.SZ","铜牛信息","2021-06-11","33.3600","34.8000","35.3800","32.5200","1.4000","4.1916","33.4000"
"300895.SZ","铜牛信息","2021-06-15","33.8800","33.7000","34.8700","33.5100","-1.1000","-3.1609","34.8000"
"300895.SZ","铜牛信息","2021-06-16","33.4200","34.5700","35.5000","33.0100","0.8700","2.5816","33.7000"
"300895.SZ","铜牛信息","2021-06-17","33.9000","34.5700","35.1900","33.5100","0.0000","0.0000","34.5700"
"300895.SZ","铜牛信息","2021-06-18","34.1100","33.5200","34.5600","33.3800","-1.0500","-3.0373","34.5700"
"300895.SZ","铜牛信息","2021-06-21","33.4900","33.7700","34.4300","33.4900","0.2500","0.7458","33.5200"
"300895.SZ","铜牛信息","2021-06-22","33.8000","35.2800","35.9000","32.7000","1.5100","4.4714","33.7700"
"300895.SZ","铜牛信息","2021-06-23","35.2800","34.8500","35.4000","34.5000","-0.4300","-1.2188","35.2800"
"300895.SZ","铜牛信息","2021-06-24","34.5900","35.3000","35.4000","34.1600","0.4500","1.2912","34.8500"
"300895.SZ","铜牛信息","2021-06-25","34.9500","34.0000","36.0000","34.0000","-1.3000","-3.6827","35.3000"
"300895.SZ","铜牛信息","2021-06-28","33.6200","33.9400","34.2800","33.2500","-0.0600","-0.1765","34.0000"
"300895.SZ","铜牛信息","2021-06-29","33.9400","34.5800","35.9000","33.5400","0.6400","1.8857","33.9400"
"300895.SZ","铜牛信息","2021-06-30","34.5900","34.0100","34.8000","33.7900","-0.5700","-1.6484","34.5800"
"300895.SZ","铜牛信息","2021-07-01","33.8500","31.4700","34.1500","31.4500","-2.5400","-7.4684","34.0100"
"300895.SZ","铜牛信息","2021-07-02","31.4800","30.6700","31.7700","30.6400","-0.8000","-2.5421","31.4700"
"300895.SZ","铜牛信息","2021-07-05","30.6700","31.1500","31.2700","30.6700","0.4800","1.5650","30.6700"
"300895.SZ","铜牛信息","2021-07-06","31.0000","31.2100","31.4300","30.7100","0.0600","0.1926","31.1500"
"300895.SZ","铜牛信息","2021-07-07","30.8800","31.2100","31.4500","30.7000","0.0000","0.0000","31.2100"
"300895.SZ","铜牛信息","2021-07-08","31.2200","33.5600","33.9500","30.7900","2.3500","7.5296","31.2100"
"300895.SZ","铜牛信息","2021-07-09","32.8600","33.7000","35.3000","32.8000","0.1400","0.4172","33.5600"
"300895.SZ","铜牛信息","2021-07-12","34.5000","35.2400","35.9100","33.8800","1.5400","4.5697","33.7000"
"300895.SZ","铜牛信息","2021-07-13","34.8800","34.7600","35.5900","34.2800","-0.4800","-1.3621","35.2400"
"300895.SZ","铜牛信息","2021-07-14","34.7900","37.7700","41.5000","34.5300","3.0100","8.6594","34.7600"
"300895.SZ","铜牛信息","2021-07-15","36.6000","35.9300","37.4000","35.6100","-1.8400","-4.8716","37.7700"
"300895.SZ","铜牛信息","2021-07-16","36.3100","34.4800","36.3100","34.4500","-1.4500","-4.0356","35.9300"
"300895.SZ","铜牛信息","2021-07-19","34.8400","35.4000","35.4800","34.1700","0.9200","2.6682","34.4800"
"300895.SZ","铜牛信息","2021-07-20","34.7100","34.0900","34.9800","33.7000","-1.3100","-3.7006","35.4000"
"300895.SZ","铜牛信息","2021-07-21","34.5000","34.6200","35.4000","34.1100","0.5300","1.5547","34.0900"
"300895.SZ","铜牛信息","2021-07-22","34.6500","34.7900","35.1300","33.8000","0.1700","0.4910","34.6200"
"300895.SZ","铜牛信息","2021-07-23","34.7400","35.9800","36.7800","34.2400","1.1900","3.4205","34.7900"
"300895.SZ","铜牛信息","2021-07-26","35.2000","35.1100","35.4100","34.2800","-0.8700","-2.4180","35.9800"
"300895.SZ","铜牛信息","2021-07-27","34.7800","34.7800","36.3600","34.7000","-0.3300","-0.9399","35.1100"
"300895.SZ","铜牛信息","2021-07-28","34.3000","31.2300","34.6800","31.1800","-3.5500","-10.2070","34.7800"
"300895.SZ","铜牛信息","2021-07-29","31.7000","31.9400","32.2800","31.5900","0.7100","2.2735","31.2300"
"300895.SZ","铜牛信息","2021-07-30","31.9400","32.9600","33.7000","31.7000","1.0200","3.1935","31.9400"
"300895.SZ","铜牛信息","2021-08-02","32.7000","35.3000","35.3900","32.5100","2.3400","7.0995","32.9600"
"300895.SZ","铜牛信息","2021-08-03","34.9200","36.3600","37.9000","34.7700","1.0600","3.0028","35.3000"
"300895.SZ","铜牛信息","2021-08-04","36.5900","36.7600","37.6000","36.0000","0.4000","1.1001","36.3600"
"300895.SZ","铜牛信息","2021-08-05","36.7000","36.3300","37.2000","35.8900","-0.4300","-1.1697","36.7600"
"300895.SZ","铜牛信息","2021-08-06","36.9300","35.9000","36.9300","35.5400","-0.4300","-1.1836","36.3300"
"300895.SZ","铜牛信息","2021-08-09","36.5500","37.3700","37.9000","35.7000","1.4700","4.0947","35.9000"
"300895.SZ","铜牛信息","2021-08-10","37.0000","37.4000","37.9300","36.7100","0.0300","0.0803","37.3700"
"300895.SZ","铜牛信息","2021-08-11","36.9100","36.3100","37.4900","36.1600","-1.0900","-2.9144","37.4000"
"300895.SZ","铜牛信息","2021-08-12","37.1800","36.9100","38.4500","36.3600","0.6000","1.6524","36.3100"
"300895.SZ","铜牛信息","2021-08-13","36.1600","35.6500","36.6100","35.4100","-1.2600","-3.4137","36.9100"
"300895.SZ","铜牛信息","2021-08-16","36.4700","35.1300","36.4700","34.8300","-0.5200","-1.4586","35.6500"
"300895.SZ","铜牛信息","2021-08-17","35.3600","34.2500","36.0100","34.1000","-0.8800","-2.5050","35.1300"
"300895.SZ","铜牛信息","2021-08-18","33.9800","35.0600","35.1300","33.7000","0.8100","2.3650","34.2500"
"300895.SZ","铜牛信息","2021-08-19","34.7000","33.8500","35.8500","33.7800","-1.2100","-3.4512","35.0600"
"300895.SZ","铜牛信息","2021-08-20","33.8500","33.2800","33.9000","32.7000","-0.5700","-1.6839","33.8500"
"300895.SZ","铜牛信息","2021-08-23","33.9300","34.9000","34.9400","33.6300","1.6200","4.8678","33.2800"
"300895.SZ","铜牛信息","2021-08-24","34.6000","34.6000","35.4400","34.5000","-0.3000","-0.8596","34.9000"
"300895.SZ","铜牛信息","2021-08-25","34.5000","33.9000","35.1200","33.7200","-0.7000","-2.0231","34.6000"
"300895.SZ","铜牛信息","2021-08-26","34.3000","32.5100","34.3000","32.3600","-1.3900","-4.1003","33.9000"
"300895.SZ","铜牛信息","2021-08-27","32.1700","39.0100","39.0100","32.1000","6.5000","19.9938","32.5100"
"300895.SZ","铜牛信息","2021-08-30","46.8100","46.8100","46.8100","46.3000","7.8000","19.9949","39.0100"
"300895.SZ","铜牛信息","2021-08-31","50.3700","51.7000","55.5000","50.1100","4.8900","10.4465","46.8100"
"300895.SZ","铜牛信息","2021-09-01","53.0800","57.5300","59.9800","50.9200","5.8300","11.2766","51.7000"
"300895.SZ","铜牛信息","2021-09-02","53.5200","55.3300","58.5000","50.7700","-2.2000","-3.8241","57.5300"
"300895.SZ","铜牛信息","2021-09-03","56.4000","48.7200","57.4900","48.6100","-6.6100","-11.9465","55.3300"
"300895.SZ","铜牛信息","2021-09-06","47.9700","47.6500","49.5500","45.0000","-1.0700","-2.1962","48.7200"
"300895.SZ","铜牛信息","2021-09-07","46.7700","47.6100","48.3700","46.3300","-0.0400","-0.0839","47.6500"
"300895.SZ","铜牛信息","2021-09-08","47.0000","44.4000","47.3000","43.6700","-3.2100","-6.7423","47.6100"
"300895.SZ","铜牛信息","2021-09-09","44.2400","43.8300","44.9300","43.2200","-0.5700","-1.2838","44.4000"
"300895.SZ","铜牛信息","2021-09-10","43.8300","42.5600","43.8800","42.2700","-1.2700","-2.8976","43.8300"
"300895.SZ","铜牛信息","2021-09-13","42.5700","43.2000","43.4900","42.1700","0.6400","1.5038","42.5600"
"300895.SZ","铜牛信息","2021-09-14","43.2800","45.6900","47.0500","42.1300","2.4900","5.7639","43.2000"
"300895.SZ","铜牛信息","2021-09-15","44.3900","43.0600","44.3900","42.5000","-2.6300","-5.7562","45.6900"
"300895.SZ","铜牛信息","2021-09-16","42.9500","40.1200","43.1800","39.9600","-2.9400","-6.8277","43.0600"
"300895.SZ","铜牛信息","2021-09-17","40.0000","40.7000","41.1700","38.6000","0.5800","1.4457","40.1200"
"300895.SZ","铜牛信息","2021-09-22","39.6000","38.5500","39.6000","38.3600","-2.1500","-5.2826","40.7000"
"300895.SZ","铜牛信息","2021-09-23","39.0000","39.3000","40.8700","38.6800","0.7500","1.9455","38.5500"
"300895.SZ","铜牛信息","2021-09-24","39.0000","39.2900","40.2000","38.1400","-0.0100","-0.0254","39.3000"
"300895.SZ","铜牛信息","2021-09-27","35.3600","35.0000","38.4500","34.4300","-4.2900","-10.9188","39.2900"
"300895.SZ","铜牛信息","2021-09-28","35.4500","35.1800","36.2600","34.5500","0.1800","0.5143","35.0000"
"300895.SZ","铜牛信息","2021-09-29","34.7300","33.2700","35.1800","33.0100","-1.9100","-5.4292","35.1800"
"300895.SZ","铜牛信息","2021-09-30","33.7900","34.3300","34.8000","33.7300","1.0600","3.1861","33.2700"
"300895.SZ","铜牛信息","2021-10-08","35.3600","36.2000","36.2800","34.7200","1.8700","5.4471","34.3300"
"300895.SZ","铜牛信息","2021-10-11","36.7000","35.2500","36.7700","34.8500","-0.9500","-2.6243","36.2000"
"300895.SZ","铜牛信息","2021-10-12","35.2500","34.7400","35.5600","34.3000","-0.5100","-1.4468","35.2500"
"300895.SZ","铜牛信息","2021-10-13","35.0000","35.0700","35.7000","34.4100","0.3300","0.9499","34.7400"
"300895.SZ","铜牛信息","2021-10-14","34.8700","35.4700","35.5100","34.4200","0.4000","1.1406","35.0700"
"300895.SZ","铜牛信息","2021-10-15","35.5200","39.6800","42.5600","35.1000","4.2100","11.8692","35.4700"
"300895.SZ","铜牛信息","2021-10-18","37.6000","38.9300","39.4200","36.8200","-0.7500","-1.8901","39.6800"
"300895.SZ","铜牛信息","2021-10-19","39.0300","40.5700","40.5700","38.1600","1.6400","4.2127","38.9300"
"300895.SZ","铜牛信息","2021-10-20","40.2300","39.1500","40.2300","39.0000","-1.4200","-3.5001","40.5700"
"300895.SZ","铜牛信息","2021-10-21","38.0400","38.2700","38.8700","37.6800","-0.8800","-2.2478","39.1500"
"300895.SZ","铜牛信息","2021-10-22","38.3000","36.6100","38.5800","36.5000","-1.6600","-4.3376","38.2700"
"300895.SZ","铜牛信息","2021-10-25","36.7600","36.8600","37.3000","35.9200","0.2500","0.6829","36.6100"
"300895.SZ","铜牛信息","2021-10-26","37.3000","38.7400","39.8600","37.0200","1.8800","5.1004","36.8600"
"300895.SZ","铜牛信息","2021-10-27","38.0000","39.7600","40.7400","37.5500","1.0200","2.6329","38.7400"
"300895.SZ","铜牛信息","2021-10-28","39.3500","40.1300","40.9500","37.6100","0.3700","0.9306","39.7600"
"300895.SZ","铜牛信息","2021-10-29","39.7000","40.9000","41.5000","39.0400","0.7700","1.9188","40.1300"
"300895.SZ","铜牛信息","2021-11-01","40.9700","39.9900","40.9700","39.1300","-0.9100","-2.2249","40.9000"
"300895.SZ","铜牛信息","2021-11-02","39.7900","38.3000","40.9600","38.0000","-1.6900","-4.2261","39.9900"
"300895.SZ","铜牛信息","2021-11-03","38.1100","39.2900","39.8500","38.0700","0.9900","2.5849","38.3000"
"300895.SZ","铜牛信息","2021-11-04","39.1500","39.9300","40.1200","38.7000","0.6400","1.6289","39.2900"
"300895.SZ","铜牛信息","2021-11-05","40.0300","41.2300","42.1000","39.1200","1.3000","3.2557","39.9300"
"300895.SZ","铜牛信息","2021-11-08","40.6600","43.1900","43.5000","40.2000","1.9600","4.7538","41.2300"
"300895.SZ","铜牛信息","2021-11-09","42.9100","42.5800","42.9700","41.6000","-0.6100","-1.4124","43.1900"
"300895.SZ","铜牛信息","2021-11-10","42.1300","42.3900","43.6100","41.9000","-0.1900","-0.4462","42.5800"
"300895.SZ","铜牛信息","2021-11-11","42.1800","41.4900","42.1800","41.1000","-0.9000","-2.1231","42.3900"
"300895.SZ","铜牛信息","2021-11-12","41.1700","41.7400","41.9500","40.5700","0.2500","0.6026","41.4900"
"300895.SZ","铜牛信息","2021-11-15","42.3000","41.5000","42.7500","41.2000","-0.2400","-0.5750","41.7400"
"300895.SZ","铜牛信息","2021-11-16","41.0900","39.7000","42.0000","39.6900","-1.8000","-4.3373","41.5000"
"300895.SZ","铜牛信息","2021-11-17","39.3200","41.9900","43.5500","39.3200","2.2900","5.7683","39.7000"
"300895.SZ","铜牛信息","2021-11-18","42.0000","43.9600","45.1600","40.7700","1.9700","4.6916","41.9900"
"300895.SZ","铜牛信息","2021-11-19","43.0000","43.1400","43.7800","42.5700","-0.8200","-1.8653","43.9600"
"300895.SZ","铜牛信息","2021-11-22","43.1200","43.4900","43.8700","42.3400","0.3500","0.8113","43.1400"
"300895.SZ","铜牛信息","2021-11-23","43.3100","42.4800","43.3500","42.4000","-1.0100","-2.3224","43.4900"
"300895.SZ","铜牛信息","2021-11-24","42.4300","42.0700","43.2800","42.0000","-0.4100","-0.9652","42.4800"
"300895.SZ","铜牛信息","2021-11-25","42.0900","42.2200","42.9800","42.0500","0.1500","0.3565","42.0700"
"300895.SZ","铜牛信息","2021-11-26","41.8300","43.6000","43.7900","41.6500","1.3800","3.2686","42.2200"
"300895.SZ","铜牛信息","2021-11-29","42.5500","43.0000","43.4700","42.1700","-0.6000","-1.3761","43.6000"
"300895.SZ","铜牛信息","2021-11-30","43.3000","43.9600","45.6800","42.9600","0.9600","2.2326","43.0000"
"300895.SZ","铜牛信息","2021-12-01","43.6800","45.6300","45.6600","43.2000","1.6700","3.7989","43.9600"
"300895.SZ","铜牛信息","2021-12-02","45.8600","42.8800","49.2000","42.6800","-2.7500","-6.0267","45.6300"
"300895.SZ","铜牛信息","2021-12-03","43.1800","41.7600","43.5500","41.5200","-1.1200","-2.6119","42.8800"
"300895.SZ","铜牛信息","2021-12-06","41.1400","38.9000","41.4400","38.5000","-2.8600","-6.8487","41.7600"
"300895.SZ","铜牛信息","2021-12-07","39.1000","39.4500","39.7700","38.5000","0.5500","1.4139","38.9000"
"300895.SZ","铜牛信息","2021-12-08","39.3800","40.3200","40.9500","38.7000","0.8700","2.2053","39.4500"
"300895.SZ","铜牛信息","2021-12-09","39.8100","39.4000","40.5000","39.4000","-0.9200","-2.2817","40.3200"
"300895.SZ","铜牛信息","2021-12-10","39.4000","39.7700","40.3900","39.1000","0.3700","0.9391","39.4000"
"300895.SZ","铜牛信息","2021-12-13","40.0000","40.3900","40.5300","39.4900","0.6200","1.5590","39.7700"
"300895.SZ","铜牛信息","2021-12-14","40.3000","40.7700","40.8000","40.0000","0.3800","0.9408","40.3900"
"300895.SZ","铜牛信息","2021-12-15","40.9900","42.2600","42.5000","40.6200","1.4900","3.6546","40.7700"
"300895.SZ","铜牛信息","2021-12-16","42.6200","43.7500","44.2000","41.6000","1.4900","3.5258","42.2600"
"300895.SZ","铜牛信息","2021-12-17","42.9800","41.7100","44.9300","41.7100","-2.0400","-4.6629","43.7500"
"300895.SZ","铜牛信息","2021-12-20","40.8900","39.9600","41.5300","39.7100","-1.7500","-4.1956","41.7100"
"300895.SZ","铜牛信息","2021-12-21","39.9500","40.3100","40.4800","39.8500","0.3500","0.8759","39.9600"
"300895.SZ","铜牛信息","2021-12-22","40.6000","42.6800","45.0000","40.1000","2.3700","5.8794","40.3100"
"300895.SZ","铜牛信息","2021-12-23","42.0100","42.9500","44.2800","42.0100","0.2700","0.6326","42.6800"
"300895.SZ","铜牛信息","2021-12-24","43.1900","41.3100","43.5000","41.3100","-1.6400","-3.8184","42.9500"
"300895.SZ","铜牛信息","2021-12-27","42.0000","40.5900","42.2000","40.2000","-0.7200","-1.7429","41.3100"
"300895.SZ","铜牛信息","2021-12-28","40.6300","41.6200","42.3000","40.6300","1.0300","2.5376","40.5900"
"300895.SZ","铜牛信息","2021-12-29","41.0100","40.5500","41.2000","40.2200","-1.0700","-2.5709","41.6200"
"300895.SZ","铜牛信息","2021-12-30","40.3800","40.9400","41.4800","40.2500","0.3900","0.9618","40.5500"
"300895.SZ","铜牛信息","2021-12-31","41.1900","40.7300","41.7900","40.5000","-0.2100","-0.5129","40.9400"
"300895.SZ","铜牛信息","2022-01-04","40.7000","42.0900","42.4900","40.5000","1.3600","3.3391","40.7300"
"300895.SZ","铜牛信息","2022-01-05","42.1900","42.8400","42.9500","41.6600","0.7500","1.7819","42.0900"
"300895.SZ","铜牛信息","2022-01-06","42.3600","41.9900","43.3500","41.9000","-0.8500","-1.9841","42.8400"
"300895.SZ","铜牛信息","2022-01-07","42.1000","39.8900","42.9800","39.7300","-2.1000","-5.0012","41.9900"
"300895.SZ","铜牛信息","2022-01-10","38.7100","39.0500","39.2400","37.5000","-0.8400","-2.1058","39.8900"
"300895.SZ","铜牛信息","2022-01-11","38.8900","37.6000","39.4700","37.2500","-1.4500","-3.7132","39.0500"
"300895.SZ","铜牛信息","2022-01-12","37.7900","38.1400","38.2000","37.6100","0.5400","1.4362","37.6000"
"300895.SZ","铜牛信息","2022-01-13","38.9100","38.0900","39.4600","38.0900","-0.0500","-0.1311","38.1400"
"300895.SZ","铜牛信息","2022-01-14","37.6000","36.9300","38.3600","36.8800","-1.1600","-3.0454","38.0900"
"300895.SZ","铜牛信息","2022-01-17","37.4900","40.1200","40.6800","37.4900","3.1900","8.6380","36.9300"
"300895.SZ","铜牛信息","2022-01-18","40.3400","40.1000","42.3000","39.6000","-0.0200","-0.0499","40.1200"
"300895.SZ","铜牛信息","2022-01-19","39.0000","42.8000","44.5300","39.0000","2.7000","6.7332","40.1000"
"300895.SZ","铜牛信息","2022-01-20","42.9300","41.6700","42.9300","40.8000","-1.1300","-2.6402","42.8000"
"300895.SZ","铜牛信息","2022-01-21","41.4800","43.1200","44.9200","41.4400","1.4500","3.4797","41.6700"
"300895.SZ","铜牛信息","2022-01-24","42.9300","44.4800","47.1000","42.4100","1.3600","3.1540","43.1200"
"300895.SZ","铜牛信息","2022-01-25","43.6300","43.7000","46.7400","42.0100","-0.7800","-1.7536","44.4800"
"300895.SZ","铜牛信息","2022-01-26","44.4100","43.9900","44.6500","41.6100","0.2900","0.6636","43.7000"
"300895.SZ","铜牛信息","2022-01-27","44.6600","39.9900","44.8800","39.0600","-4.0000","-9.0930","43.9900"
"300895.SZ","铜牛信息","2022-01-28","39.9900","40.4500","42.5000","39.5300","0.4600","1.1503","39.9900"
"300895.SZ","铜牛信息","2022-02-07","41.3100","42.4600","43.5000","40.6800","2.0100","4.9691","40.4500"
"300895.SZ","铜牛信息","2022-02-08","42.1000","45.4600","46.2900","41.1900","3.0000","7.0655","42.4600"
"300895.SZ","铜牛信息","2022-02-09","45.3800","45.7600","46.4800","44.4400","0.3000","0.6599","45.4600"
"300895.SZ","铜牛信息","2022-02-10","45.5700","46.1500","47.3800","44.8000","0.3900","0.8523","45.7600"
"300895.SZ","铜牛信息","2022-02-11","45.3900","45.1500","46.6600","44.0200","-1.0000","-2.1668","46.1500"
"300895.SZ","铜牛信息","2022-02-14","44.3100","44.0800","45.2000","43.0100","-1.0700","-2.3699","45.1500"
"300895.SZ","铜牛信息","2022-02-15","44.2900","43.3900","44.3700","42.6000","-0.6900","-1.5653","44.0800"
"300895.SZ","铜牛信息","2022-02-16","45.9900","43.6400","46.9900","43.5600","0.2500","0.5762","43.3900"
"300895.SZ","铜牛信息","2022-02-17","43.2900","42.3000","45.2000","42.2000","-1.3400","-3.0706","43.6400"
"300895.SZ","铜牛信息","2022-02-18","44.6800","46.2400","46.5300","44.1100","3.9400","9.3144","42.3000"
"300895.SZ","铜牛信息","2022-02-21","50.0000","52.8400","54.9000","48.8000","6.6000","14.2734","46.2400"
"300895.SZ","铜牛信息","2022-02-22","50.6800","50.6500","52.0000","49.6600","-2.1900","-4.1446","52.8400"
"300895.SZ","铜牛信息","2022-02-23","50.3000","49.9300","51.9000","48.5100","-0.7200","-1.4215","50.6500"
"300895.SZ","铜牛信息","2022-02-24","49.0200","46.1600","51.5400","44.1400","-3.7700","-7.5506","49.9300"
"300895.SZ","铜牛信息","2022-02-25","47.0000","47.1800","48.2400","46.0100","1.0200","2.2097","46.1600"
"300895.SZ","铜牛信息","2022-02-28","46.3300","47.6000","49.0000","44.6800","0.4200","0.8902","47.1800"
"300895.SZ","铜牛信息","2022-03-01","46.9400","48.3000","49.2900","46.5600","0.7000","1.4706","47.6000"
"300895.SZ","铜牛信息","2022-03-02","47.0000","46.9100","48.1700","46.1000","-1.3900","-2.8778","48.3000"
"300895.SZ","铜牛信息","2022-03-03","47.0000","47.5000","47.8500","46.2900","0.5900","1.2577","46.9100"
"300895.SZ","铜牛信息","2022-03-04","46.6000","44.3400","47.2800","44.2900","-3.1600","-6.6526","47.5000"
"300895.SZ","铜牛信息","2022-03-07","43.5500","43.3300","44.2100","43.0100","-1.0100","-2.2779","44.3400"
"300895.SZ","铜牛信息","2022-03-08","43.7600","44.0800","44.8800","43.1200","0.7500","1.7309","43.3300"
"300895.SZ","铜牛信息","2022-03-09","43.0000","44.2400","44.7900","40.4700","0.1600","0.3630","44.0800"
"300895.SZ","铜牛信息","2022-03-10","45.5800","43.5800","45.6900","43.5300","-0.6600","-1.4919","44.2400"
"300895.SZ","铜牛信息","2022-03-11","42.1000","42.8400","43.6000","41.6900","-0.7400","-1.6980","43.5800"
"300895.SZ","铜牛信息","2022-03-14","42.1500","40.0200","42.8500","40.0000","-2.8200","-6.5826","42.8400"
"300895.SZ","铜牛信息","2022-03-15","39.2500","38.6300","40.9000","38.6000","-1.3900","-3.4733","40.0200"
"300895.SZ","铜牛信息","2022-03-16","39.7200","40.1600","40.6600","38.8000","1.5300","3.9607","38.6300"
"300895.SZ","铜牛信息","2022-03-17","40.8800","40.4700","41.8500","39.8800","0.3100","0.7719","40.1600"
"300895.SZ","铜牛信息","2022-03-18","40.2000","40.2700","41.4800","39.8900","-0.2000","-0.4942","40.4700"
"300895.SZ","铜牛信息","2022-03-21","39.8000","40.3800","40.8200","39.5200","0.1100","0.2732","40.2700"
"300895.SZ","铜牛信息","2022-03-22","40.3700","42.6000","42.9300","39.7300","2.2200","5.4978","40.3800"
"300895.SZ","铜牛信息","2022-03-23","42.0000","41.7000","42.4700","41.3000","-0.9000","-2.1127","42.6000"
"300895.SZ","铜牛信息","2022-03-24","41.2800","40.2600","41.4500","39.9500","-1.4400","-3.4532","41.7000"
"300895.SZ","铜牛信息","2022-03-25","40.3400","39.9700","40.9100","39.9700","-0.2900","-0.7203","40.2600"
"300895.SZ","铜牛信息","2022-03-28","39.3900","40.3400","40.6400","39.0500","0.3700","0.9257","39.9700"
"300895.SZ","铜牛信息","2022-03-29","40.1100","38.5600","40.5900","38.5000","-1.7800","-4.4125","40.3400"
"300895.SZ","铜牛信息","2022-03-30","38.8400","38.7800","39.2600","37.6000","0.2200","0.5705","38.5600"
"300895.SZ","铜牛信息","2022-03-31","38.4300","39.0000","39.2400","38.0000","0.2200","0.5673","38.7800"
"300895.SZ","铜牛信息","2022-04-01","39.3000","37.6700","39.3000","37.6700","-1.3300","-3.4103","39.0000"
"300895.SZ","铜牛信息","2022-04-06","37.4900","37.9800","38.8600","37.2100","0.3100","0.8229","37.6700"
"300895.SZ","铜牛信息","2022-04-07","37.7000","35.1700","37.8800","35.1500","-2.8100","-7.3986","37.9800"
"300895.SZ","铜牛信息","2022-04-08","35.2000","34.7100","35.5000","34.1800","-0.4600","-1.3079","35.1700"
"300895.SZ","铜牛信息","2022-04-11","34.1900","32.6200","34.3300","32.2300","-2.0900","-6.0213","34.7100"
"300895.SZ","铜牛信息","2022-04-12","32.9000","33.1400","33.1900","32.3100","0.5200","1.5941","32.6200"
"300895.SZ","铜牛信息","2022-04-13","33.0100","31.6800","33.0100","31.6000","-1.4600","-4.4056","33.1400"
"300895.SZ","铜牛信息","2022-04-14","32.1900","32.0200","32.8900","31.9600","0.3400","1.0732","31.6800"
"300895.SZ","铜牛信息","2022-04-15","31.8000","32.2100","32.6400","31.1500","0.1900","0.5934","32.0200"
"300895.SZ","铜牛信息","2022-04-18","31.7400","32.7800","32.9000","31.1500","0.5700","1.7696","32.2100"
"300895.SZ","铜牛信息","2022-04-19","33.0000","32.8000","33.3100","32.5000","0.0200","0.0610","32.7800"
"300895.SZ","铜牛信息","2022-04-20","33.9900","32.6000","34.1500","32.3500","-0.2000","-0.6098","32.8000"
"300895.SZ","铜牛信息","2022-04-21","32.2800","30.8000","32.6000","30.7000","-1.8000","-5.5215","32.6000"
"300895.SZ","铜牛信息","2022-04-22","30.4000","29.7900","31.4100","29.6000","-1.0100","-3.2792","30.8000"
"300895.SZ","铜牛信息","2022-04-25","28.6800","26.7800","29.4000","26.6800","-3.0100","-10.1041","29.7900"
"300895.SZ","铜牛信息","2022-04-26","27.0300","25.7800","27.4900","25.5300","-1.0000","-3.7341","26.7800"
"300895.SZ","铜牛信息","2022-04-27","25.7700","26.9900","26.9900","25.3700","1.2100","4.6936","25.7800"
"300895.SZ","铜牛信息","2022-04-28","26.8800","25.8800","26.8800","25.5000","-1.1100","-4.1126","26.9900"
"300895.SZ","铜牛信息","2022-04-29","26.3100","26.9600","27.2700","26.1100","1.0800","4.1731","25.8800"
"300895.SZ","铜牛信息","2022-05-05","26.9200","27.3300","27.7000","26.3800","0.3700","1.3724","26.9600"
"300895.SZ","铜牛信息","2022-05-06","26.6800","28.6400","29.5900","26.2800","1.3100","4.7933","27.3300"
"300895.SZ","铜牛信息","2022-05-09","28.6100","28.5700","29.4000","28.1100","-0.0700","-0.2444","28.6400"
"300895.SZ","铜牛信息","2022-05-10","27.9000","28.9100","29.1200","27.7000","0.3400","1.1901","28.5700"
"300895.SZ","铜牛信息","2022-05-11","28.6800","28.6900","29.7500","28.5100","-0.2200","-0.7610","28.9100"
"300895.SZ","铜牛信息","2022-05-12","28.5700","28.9800","29.2500","28.2600","0.2900","1.0108","28.6900"
"300895.SZ","铜牛信息","2022-05-13","29.0000","28.7900","29.1700","28.4200","-0.1900","-0.6556","28.9800"
"300895.SZ","铜牛信息","2022-05-16","28.9500","28.6700","29.1400","28.3700","-0.1200","-0.4168","28.7900"
"300895.SZ","铜牛信息","2022-05-17","28.9900","29.3400","29.3500","28.1600","0.6700","2.3369","28.6700"
"300895.SZ","铜牛信息","2022-05-18","30.9100","31.2800","33.9900","30.9100","1.9400","6.6121","29.3400"
"300895.SZ","铜牛信息","2022-05-19","30.4900","31.6100","32.2800","29.8700","0.3300","1.0550","31.2800"
"300895.SZ","铜牛信息","2022-05-20","31.2800","31.0700","31.7100","30.6900","-0.5400","-1.7083","31.6100"
"300895.SZ","铜牛信息","2022-05-23","31.0700","31.5300","31.6800","31.0100","0.4600","1.4805","31.0700"
"300895.SZ","铜牛信息","2022-05-24","31.2700","29.6000","31.5600","29.6000","-1.9300","-6.1212","31.5300"
"300895.SZ","铜牛信息","2022-05-25","29.9800","30.4100","30.9900","29.8600","0.8100","2.7365","29.6000"
"300895.SZ","铜牛信息","2022-05-26","30.4500","30.5500","30.9500","29.5200","0.1400","0.4604","30.4100"
"300895.SZ","铜牛信息","2022-05-27","30.4500","30.3900","31.1700","30.0800","-0.1600","-0.5237","30.5500"
"300895.SZ","铜牛信息","2022-05-30","30.3200","30.7800","30.7800","30.0300","0.3900","1.2833","30.3900"
"300895.SZ","铜牛信息","2022-05-31","28.0300","28.1600","28.4000","27.1700","0.2200","0.7874","27.9400"
"300895.SZ","铜牛信息","2022-06-01","28.0500","28.3700","28.7900","27.9000","0.2100","0.7457","28.1600"
"300895.SZ","铜牛信息","2022-06-02","28.4100","28.9000","29.1000","27.9500","0.5300","1.8682","28.3700"
"300895.SZ","铜牛信息","2022-06-06","29.0600","29.3800","29.8600","29.0100","0.4800","1.6609","28.9000"
"300895.SZ","铜牛信息","2022-06-07","29.5000","28.7300","29.6900","28.5000","-0.6500","-2.2124","29.3800"
"300895.SZ","铜牛信息","2022-06-08","28.9900","29.1700","29.7000","28.1700","0.4400","1.5315","28.7300"
"300895.SZ","铜牛信息","2022-06-09","29.1500","28.0800","29.1500","27.8800","-1.0900","-3.7367","29.1700"
"300895.SZ","铜牛信息","2022-06-10","27.8000","28.4200","28.6500","27.7800","0.3400","1.2108","28.0800"
"300895.SZ","铜牛信息","2022-06-13","28.1700","28.8000","29.0000","27.8800","0.3800","1.3371","28.4200"
"300895.SZ","铜牛信息","2022-06-14","28.8000","28.2100","28.9000","27.3300","-0.5900","-2.0486","28.8000"
"300895.SZ","铜牛信息","2022-06-15","28.3800","28.5900","29.2300","28.3100","0.3800","1.3470","28.2100"
"300895.SZ","铜牛信息","2022-06-16","28.5900","29.0500","29.4900","28.4300","0.4600","1.6090","28.5900"
"300895.SZ","铜牛信息","2022-06-17","28.8200","28.7800","29.0900","28.2200","-0.2700","-0.9294","29.0500"
"300895.SZ","铜牛信息","2022-06-20","28.8800","29.2200","29.7700","28.7300","0.4400","1.5288","28.7800"
"300895.SZ","铜牛信息","2022-06-21","29.2800","30.1000","30.1400","28.8900","0.8800","3.0116","29.2200"
"300895.SZ","铜牛信息","2022-06-22","30.8300","29.3800","30.8300","29.3200","-0.7200","-2.3920","30.1000"
"300895.SZ","铜牛信息","2022-06-23","29.6800","29.2000","29.8900","28.8300","-0.1800","-0.6127","29.3800"
"300895.SZ","铜牛信息","2022-06-24","29.3700","29.3800","29.9000","29.0800","0.1800","0.6164","29.2000"
"300895.SZ","铜牛信息","2022-06-27","29.2000","29.0400","29.4700","28.8500","-0.3400","-1.1572","29.3800"
"300895.SZ","铜牛信息","2022-06-28","28.9700","29.5400","29.5700","28.5800","0.5000","1.7218","29.0400"
"300895.SZ","铜牛信息","2022-06-29","29.3700","29.1500","29.9800","29.0900","-0.3900","-1.3202","29.5400"
"300895.SZ","铜牛信息","2022-06-30","29.3400","29.0200","29.4800","28.9000","-0.1300","-0.4460","29.1500"
"300895.SZ","铜牛信息","2022-07-01","28.9000","28.7700","29.2700","28.6000","-0.2500","-0.8615","29.0200"
"300895.SZ","铜牛信息","2022-07-04","29.1000","29.5500","29.8400","28.7800","0.7800","2.7112","28.7700"
"300895.SZ","铜牛信息","2022-07-05","29.5000","28.4800","29.5500","28.0200","-1.0700","-3.6210","29.5500"
"300895.SZ","铜牛信息","2022-07-06","28.4500","28.1100","28.7500","28.1000","-0.3700","-1.2992","28.4800"
"300895.SZ","铜牛信息","2022-07-07","28.3000","28.1100","28.5000","28.0000","0.0000","0.0000","28.1100"
"300895.SZ","铜牛信息","2022-07-08","28.1200","28.3700","28.9700","28.0900","0.2600","0.9249","28.1100"
"300895.SZ","铜牛信息","2022-07-11","28.2800","27.6100","28.2800","27.3300","-0.7600","-2.6789","28.3700"
"300895.SZ","铜牛信息","2022-07-12","27.4600","27.0000","27.5500","26.9100","-0.6100","-2.2093","27.6100"
"300895.SZ","铜牛信息","2022-07-13","26.9700","27.2600","27.3500","26.9700","0.2600","0.9630","27.0000"
"300895.SZ","铜牛信息","2022-07-14","27.3100","27.1400","27.5500","27.0600","-0.1200","-0.4402","27.2600"
"300895.SZ","铜牛信息","2022-07-15","27.1400","27.7900","29.6000","26.4600","0.6500","2.3950","27.1400"
"300895.SZ","铜牛信息","2022-07-18","27.4600","28.4100","28.7000","27.3400","0.6200","2.2310","27.7900"
"300895.SZ","铜牛信息","2022-07-19","28.4000","29.5000","29.6300","28.0100","1.0900","3.8367","28.4100"
"300895.SZ","铜牛信息","2022-07-20","29.7000","29.7800","29.9500","29.2500","0.2800","0.9492","29.5000"
"300895.SZ","铜牛信息","2022-07-21","29.6000","30.9000","32.1000","29.6000","1.1200","3.7609","29.7800"
"300895.SZ","铜牛信息","2022-07-22","30.5600","30.6300","31.3500","30.3800","-0.2700","-0.8738","30.9000"
"300895.SZ","铜牛信息","2022-07-25","30.8400","30.4900","31.7000","30.3800","-0.1400","-0.4571","30.6300"
"300895.SZ","铜牛信息","2022-07-26","30.5100","31.2900","31.5000","30.2200","0.8000","2.6238","30.4900"
"300895.SZ","铜牛信息","2022-07-27","31.6000","31.2400","31.7700","30.8100","-0.0500","-0.1598","31.2900"
"300895.SZ","铜牛信息","2022-07-28","31.3000","31.1700","31.6800","31.1000","-0.0700","-0.2241","31.2400"
"300895.SZ","铜牛信息","2022-07-29","30.9100","30.6200","31.1600","30.4800","-0.5500","-1.7645","31.1700"
"300895.SZ","铜牛信息","2022-08-01","30.6300","30.6100","31.1000","30.3300","-0.0100","-0.0327","30.6200"
"300895.SZ","铜牛信息","2022-08-02","30.1100","28.9100","30.3400","28.6000","-1.7000","-5.5537","30.6100"
"300895.SZ","铜牛信息","2022-08-03","29.3900","29.8000","30.8900","29.3000","0.8900","3.0785","28.9100"
"300895.SZ","铜牛信息","2022-08-04","30.3900","30.1200","30.4400","29.6400","0.3200","1.0738","29.8000"
"300895.SZ","铜牛信息","2022-08-05","30.2900","30.9900","30.9900","30.2900","0.8700","2.8884","30.1200"
"300895.SZ","铜牛信息","2022-08-08","30.9000","30.8400","31.0000","30.5400","-0.1500","-0.4840","30.9900"
"300895.SZ","铜牛信息","2022-08-09","30.8400","30.4600","31.0400","30.2100","-0.3800","-1.2322","30.8400"
"300895.SZ","铜牛信息","2022-08-10","30.2500","30.3200","30.6700","29.9500","-0.1400","-0.4596","30.4600"
"300895.SZ","铜牛信息","2022-08-11","30.3500","30.4600","30.6500","30.2100","0.1400","0.4617","30.3200"
"300895.SZ","铜牛信息","2022-08-12","30.5100","30.4100","31.0000","30.0900","-0.0500","-0.1641","30.4600"
"300895.SZ","铜牛信息","2022-08-15","30.4100","29.6700","30.4100","29.6300","-0.7400","-2.4334","30.4100"
"300895.SZ","铜牛信息","2022-08-16","29.6800","29.4800","29.9500","29.3900","-0.1900","-0.6404","29.6700"
"300895.SZ","铜牛信息","2022-08-17","29.4900","29.2800","29.6200","29.0700","-0.2000","-0.6784","29.4800"
"300895.SZ","铜牛信息","2022-08-18","29.2000","29.3900","29.5000","28.7800","0.1100","0.3757","29.2800"
"300895.SZ","铜牛信息","2022-08-19","29.3900","28.3000","29.8700","28.0000","-1.0900","-3.7087","29.3900"
"300895.SZ","铜牛信息","2022-08-22","28.3400","28.3800","28.8700","27.6800","0.0800","0.2827","28.3000"
"300895.SZ","铜牛信息","2022-08-23","28.3600","28.7200","28.7300","28.1000","0.3400","1.1980","28.3800"
"300895.SZ","铜牛信息","2022-08-24","28.7000","27.9500","29.2700","27.7700","-0.7700","-2.6811","28.7200"
"300895.SZ","铜牛信息","2022-08-25","27.8800","27.3100","28.0500","26.8000","-0.6400","-2.2898","27.9500"
"300895.SZ","铜牛信息","2022-08-26","27.4500","27.0900","27.7200","27.0100","-0.2200","-0.8056","27.3100"
"300895.SZ","铜牛信息","2022-08-29","26.8100","27.1000","27.1600","26.2000","0.0100","0.0369","27.0900"
"300895.SZ","铜牛信息","2022-08-30","27.1100","26.9800","27.3500","26.6700","-0.1200","-0.4428","27.1000"
"300895.SZ","铜牛信息","2022-08-31","26.9600","26.3400","27.3000","26.2000","-0.6400","-2.3721","26.9800"
"300895.SZ","铜牛信息","2022-09-01","26.3900","26.1700","26.8800","26.1700","-0.1700","-0.6454","26.3400"
"300895.SZ","铜牛信息","2022-09-02","26.2200","26.6600","26.8200","26.1700","0.4900","1.8724","26.1700"
"300895.SZ","铜牛信息","2022-09-05","26.9900","26.6500","27.0400","26.3000","-0.0100","-0.0375","26.6600"
"300895.SZ","铜牛信息","2022-09-06","26.6500","26.6900","26.8600","26.4100","0.0400","0.1501","26.6500"
"300895.SZ","铜牛信息","2022-09-07","26.6000","26.8000","26.9200","26.4600","0.1100","0.4121","26.6900"
"300895.SZ","铜牛信息","2022-09-08","26.8000","25.8000","26.8800","25.8000","-1.0000","-3.7313","26.8000"
"300895.SZ","铜牛信息","2022-09-09","25.8500","25.9800","26.2200","25.5000","0.1800","0.6977","25.8000"
"300895.SZ","铜牛信息","2022-09-13","26.0900","26.0300","26.4700","25.9500","0.0500","0.1925","25.9800"
